-- phpMyAdmin SQL Dump
-- version 4.7.7
-- https://www.phpmyadmin.net/
--
-- Хост: 127.0.0.1:3307
-- Время создания: Авг 23 2019 г., 21:39
-- Версия сервера: 5.7.20
-- Версия PHP: 7.2.0

SET SQL_MODE = "NO_AUTO_VALUE_ON_ZERO";
SET AUTOCOMMIT = 0;
START TRANSACTION;
SET time_zone = "+00:00";


/*!40101 SET @OLD_CHARACTER_SET_CLIENT=@@CHARACTER_SET_CLIENT */;
/*!40101 SET @OLD_CHARACTER_SET_RESULTS=@@CHARACTER_SET_RESULTS */;
/*!40101 SET @OLD_COLLATION_CONNECTION=@@COLLATION_CONNECTION */;
/*!40101 SET NAMES utf8mb4 */;

--
-- База данных: `laravel`
--

-- --------------------------------------------------------

--
-- Структура таблицы `categories`
--

CREATE TABLE `categories` (
  `id` int(10) UNSIGNED NOT NULL,
  `parent_id` int(10) UNSIGNED DEFAULT NULL,
  `order` int(11) NOT NULL DEFAULT '1',
  `name` varchar(255) COLLATE utf8mb4_unicode_ci NOT NULL,
  `slug` varchar(255) COLLATE utf8mb4_unicode_ci NOT NULL,
  `created_at` timestamp NULL DEFAULT NULL,
  `updated_at` timestamp NULL DEFAULT NULL
) ENGINE=InnoDB DEFAULT CHARSET=utf8mb4 COLLATE=utf8mb4_unicode_ci;

--
-- Дамп данных таблицы `categories`
--

INSERT INTO `categories` (`id`, `parent_id`, `order`, `name`, `slug`, `created_at`, `updated_at`) VALUES
(1, NULL, 1, 'Category 1', 'category-1', '2019-07-26 13:54:46', '2019-07-26 13:54:46'),
(2, NULL, 1, 'Category 2', 'category-2', '2019-07-26 13:54:46', '2019-07-26 13:54:46'),
(5, NULL, 1, 'category 3', 'category-3', '2019-08-02 13:59:10', '2019-08-02 13:59:10'),
(6, NULL, 1, 'category 4', 'category-4', '2019-08-02 13:59:30', '2019-08-02 13:59:30'),
(7, NULL, 1, 'category 5', 'category-5', '2019-08-02 13:59:39', '2019-08-02 13:59:39'),
(8, NULL, 1, '\n                                        Мобильные телефоны                                    ', 'mobile', '2019-08-23 15:32:19', '2019-08-23 15:32:19'),
(9, NULL, 1, '\n                                        Наушники                                    ', 'headphones', '2019-08-23 15:32:19', '2019-08-23 15:32:19'),
(10, NULL, 1, '\n                                        Умные часы и фитнес-браслеты                                    ', 'smartwatch', '2019-08-23 15:32:19', '2019-08-23 15:32:19'),
(11, NULL, 1, '\n                                        Портативные зарядные устройства                                    ', 'portablecharger', '2019-08-23 15:32:19', '2019-08-23 15:32:19'),
(12, NULL, 1, '\n                                        Карты памяти                                    ', 'memcards?typememcards%5B0%5D=microsd&typememcards%5B1%5D=microsdxc&typememcards%5B2%5D=microsdhc&typememcards%5Boperation%5D=union', '2019-08-23 15:32:19', '2019-08-23 15:32:19'),
(13, NULL, 1, '\n                                        Чехлы для телефонов                                    ', 'phonecase', '2019-08-23 15:32:19', '2019-08-23 15:32:19'),
(14, NULL, 1, '\n                                        Аккумуляторы                                    ', 'phoneaccum', '2019-08-23 15:32:19', '2019-08-23 15:32:19'),
(15, NULL, 1, '\n                                        Bluetooth-гарнитуры                                    ', 'bt', '2019-08-23 15:32:19', '2019-08-23 15:32:19'),
(16, NULL, 1, '\n                                        Палки для селфи                                    ', 'selfiestick', '2019-08-23 15:32:19', '2019-08-23 15:32:19'),
(17, NULL, 1, '\n                                        Кабели, адаптеры                                    ', 'cable?cable_usage%5B0%5D=phone&cable_usage%5Boperation%5D=union', '2019-08-23 15:32:19', '2019-08-23 15:32:19'),
(18, NULL, 1, '\n                                        Автомобильные держатели                                    ', 'carholder', '2019-08-23 15:32:19', '2019-08-23 15:32:19'),
(19, NULL, 1, '\n                                        Зарядные устройства                                    ', 'chargersmobile?mc_devicetype%5B0%5D=type&mc_devicetype%5Boperation%5D=union&mc_type%5B0%5D=network&mc_type%5Boperation%5D=union', '2019-08-23 15:32:19', '2019-08-23 15:32:19'),
(20, NULL, 1, '\n                                        Беспроводные зарядные устройства                                    ', 'chargersmobile?mc_type%5B0%5D=wireless&mc_type%5Boperation%5D=union', '2019-08-23 15:32:19', '2019-08-23 15:32:19'),
(21, NULL, 1, '\n                                        Док-станции для смартфонов                                    ', 'speakerdock', '2019-08-23 15:32:19', '2019-08-23 15:32:19'),
(22, NULL, 1, '\n                                        Телевизоры                                    ', 'tv', '2019-08-23 15:32:19', '2019-08-23 15:32:19'),
(23, NULL, 1, '\n                                        Приемники цифрового ТВ                                    ', 'terrestrial', '2019-08-23 15:32:19', '2019-08-23 15:32:19'),
(24, NULL, 1, '\n                                        Спутниковые ресиверы                                    ', 'satellite', '2019-08-23 15:32:19', '2019-08-23 15:32:19'),
(25, NULL, 1, '\n                                        ТВ-антенны                                    ', 'aerial', '2019-08-23 15:32:19', '2019-08-23 15:32:19'),
(26, NULL, 1, '\n                                        Проекторы                                    ', 'projectors', '2019-08-23 15:32:19', '2019-08-23 15:32:19'),
(27, NULL, 1, '\n                                        Кронштейны                                    ', 'wallmount', '2019-08-23 15:32:19', '2019-08-23 15:32:19'),
(28, NULL, 1, '\n                                        Медиаплееры                                    ', 'media', '2019-08-23 15:32:19', '2019-08-23 15:32:19'),
(29, NULL, 1, '\n                                        Плееры DVD и Blu-ray                                    ', 'dvd', '2019-08-23 15:32:19', '2019-08-23 15:32:19'),
(30, NULL, 1, '\n                                        Микро-ПК (HDMI-стики)                                    ', 'desktoppc?desktoppc_type%5B0%5D=micro&desktoppc_type%5Boperation%5D=union', '2019-08-23 15:32:19', '2019-08-23 15:32:19'),
(31, NULL, 1, '\n                                        Саундбары и домашние кинотеатры                                    ', 'soundbar', '2019-08-23 15:32:19', '2019-08-23 15:32:19'),
(32, NULL, 1, '\n                                        Аксессуары для ТВ                                    ', 'tvaccessory', '2019-08-23 15:32:19', '2019-08-23 15:32:19'),
(33, NULL, 1, '\n                                        Клавиатуры для Smart TV                                    ', 'keyboards?mk_designation%5B0%5D=smarttv&mk_designation%5Boperation%5D=union', '2019-08-23 15:32:19', '2019-08-23 15:32:19'),
(34, NULL, 1, '\n                                        Кабели, адаптеры для AV-аппаратуры                                    ', 'cable?cable_usage%5B0%5D=av&cable_usage%5Boperation%5D=union', '2019-08-23 15:32:19', '2019-08-23 15:32:19'),
(35, NULL, 1, '\n                                        Универсальные пульты ДУ                                    ', 'remote', '2019-08-23 15:32:19', '2019-08-23 15:32:19'),
(36, NULL, 1, '\n                                        Проекционные экраны                                    ', 'projectorscreen', '2019-08-23 15:32:19', '2019-08-23 15:32:19'),
(37, NULL, 1, '\n                                        Планшеты                                    ', 'tabletpc', '2019-08-23 15:32:19', '2019-08-23 15:32:19'),
(38, NULL, 1, '\n                                        Электронные книги                                    ', 'ebook', '2019-08-23 15:32:19', '2019-08-23 15:32:19'),
(39, NULL, 1, '\n                                        Чехлы для планшетов                                    ', 'tabletcase', '2019-08-23 15:32:19', '2019-08-23 15:32:19'),
(40, NULL, 1, '\n                                        Зарядные устройства                                    ', 'chargersmobile?mc_devicetype%5B0%5D=type3&mc_devicetype%5Boperation%5D=union', '2019-08-23 15:32:19', '2019-08-23 15:32:19'),
(41, NULL, 1, '\n                                        4G и 3G-модемы                                    ', 'wirelessadapter?wa_type%5B0%5D=4g&wa_type%5B1%5D=3g&wa_type%5Boperation%5D=union', '2019-08-23 15:32:19', '2019-08-23 15:32:19'),
(42, NULL, 1, '\n                                        Обложки для электронных книг                                    ', 'ebookcover', '2019-08-23 15:32:19', '2019-08-23 15:32:19'),
(43, NULL, 1, '\n                                        Мультимедиа акустика                                    ', 'sound', '2019-08-23 15:32:19', '2019-08-23 15:32:19'),
(44, NULL, 1, '\n                                        Беспроводные и портативные колонки                                    ', 'wspeaker', '2019-08-23 15:32:19', '2019-08-23 15:32:19'),
(45, NULL, 1, '\n                                        Интернет-радиостанции                                    ', 'wspeaker?netpl_inetradio=1', '2019-08-23 15:32:19', '2019-08-23 15:32:19'),
(46, NULL, 1, '\n                                        MP3-плееры                                    ', 'player', '2019-08-23 15:32:19', '2019-08-23 15:32:19'),
(47, NULL, 1, '\n                                        Музыкальные центры                                    ', 'hifiaudio', '2019-08-23 15:32:19', '2019-08-23 15:32:19'),
(48, NULL, 1, '\n                                        Микрофоны                                    ', 'microphones', '2019-08-23 15:32:19', '2019-08-23 15:32:19'),
(49, NULL, 1, '\n                                        Акустика Hi-Fi и Hi-End                                    ', 'hifisound', '2019-08-23 15:32:19', '2019-08-23 15:32:19'),
(50, NULL, 1, '\n                                        AV-ресиверы и усилители                                    ', 'recievers', '2019-08-23 15:32:19', '2019-08-23 15:32:19'),
(51, NULL, 1, '\n                                        Виниловые проигрыватели                                    ', 'turntable', '2019-08-23 15:32:19', '2019-08-23 15:32:19'),
(52, NULL, 1, '\n                                        Фонокорректоры                                    ', 'phonopreamps', '2019-08-23 15:32:19', '2019-08-23 15:32:19'),
(53, NULL, 1, '\n                                        Сетевые проигрыватели                                    ', 'network_player', '2019-08-23 15:32:19', '2019-08-23 15:32:19'),
(54, NULL, 1, '\n                                        Радиоприемники                                    ', 'radio', '2019-08-23 15:32:19', '2019-08-23 15:32:19'),
(55, NULL, 1, '\n                                        Магнитолы                                    ', 'portaudio', '2019-08-23 15:32:19', '2019-08-23 15:32:19'),
(56, NULL, 1, '\n                                        Электронные и радиочасы                                    ', 'clockradio', '2019-08-23 15:32:19', '2019-08-23 15:32:19'),
(57, NULL, 1, '\n                                        Диктофоны                                    ', 'voicerecorder', '2019-08-23 15:32:19', '2019-08-23 15:32:19'),
(58, NULL, 1, '\n                                        Кабели                                    ', 'cable', '2019-08-23 15:32:19', '2019-08-23 15:32:19'),
(59, NULL, 1, '\n                                        Звукосниматели, тонармы, иглы                                    ', 'turntableaccess', '2019-08-23 15:32:19', '2019-08-23 15:32:19'),
(60, NULL, 1, '\n                                        Усилители для наушников                                    ', 'portableamp', '2019-08-23 15:32:19', '2019-08-23 15:32:19'),
(61, NULL, 1, '\n                                        Фотоаппараты                                    ', 'photo', '2019-08-23 15:32:19', '2019-08-23 15:32:19'),
(62, NULL, 1, '\n                                        Объективы                                    ', 'lens', '2019-08-23 15:32:19', '2019-08-23 15:32:19'),
(63, NULL, 1, '\n                                        Экшен-камеры                                    ', 'actioncamera', '2019-08-23 15:32:19', '2019-08-23 15:32:19'),
(64, NULL, 1, '\n                                        Видеокамеры                                    ', 'video', '2019-08-23 15:32:19', '2019-08-23 15:32:19'),
(65, NULL, 1, '\n                                        Фотопринтеры                                    ', 'printers?type_print[0]=photoprinter&type_print[operation]=union', '2019-08-23 15:32:19', '2019-08-23 15:32:19'),
(66, NULL, 1, '\n                                        Штативы                                    ', 'tripod', '2019-08-23 15:32:19', '2019-08-23 15:32:19'),
(67, NULL, 1, '\n                                        Карты памяти                                    ', 'memcards', '2019-08-23 15:32:19', '2019-08-23 15:32:19'),
(68, NULL, 1, '\n                                        Цифровые фоторамки                                    ', 'photoframe', '2019-08-23 15:32:19', '2019-08-23 15:32:19'),
(69, NULL, 1, '\n                                        Вспышки и лампы                                    ', 'flashes', '2019-08-23 15:32:19', '2019-08-23 15:32:19'),
(70, NULL, 1, '\n                                        Батарейки, аккумуляторы, зарядные                                    ', 'battery', '2019-08-23 15:32:19', '2019-08-23 15:32:19'),
(71, NULL, 1, '\n                                        Сумки и рюкзаки для фото/видео                                    ', 'case', '2019-08-23 15:32:19', '2019-08-23 15:32:19'),
(72, NULL, 1, '\n                                        Карт-ридеры                                    ', 'cardreaders', '2019-08-23 15:32:19', '2019-08-23 15:32:19'),
(73, NULL, 1, '\n                                        Аккумуляторы                                    ', 'batteries', '2019-08-23 15:32:19', '2019-08-23 15:32:19'),
(74, NULL, 1, '\n                                        Светофильтры и конвертеры                                    ', 'photofilter', '2019-08-23 15:32:19', '2019-08-23 15:32:19'),
(75, NULL, 1, '\n                                        Пульсометры, пульсоксиметры                                    ', 'heart_rate', '2019-08-23 15:32:19', '2019-08-23 15:32:19'),
(76, NULL, 1, '\n                                        Очки виртуальной реальности                                    ', 'virtualreality', '2019-08-23 15:32:19', '2019-08-23 15:32:19'),
(77, NULL, 1, '\n                                        Гироциклы                                    ', 'segway', '2019-08-23 15:32:19', '2019-08-23 15:32:19'),
(78, NULL, 1, '\n                                        Умные весы                                    ', 'scales?sc_synchronize=1', '2019-08-23 15:32:19', '2019-08-23 15:32:19'),
(79, NULL, 1, '\n                                        Сменные ремешки и браслеты                                    ', 'replacementstrap', '2019-08-23 15:32:19', '2019-08-23 15:32:19'),
(80, NULL, 1, '\n                                        Электронные парогенераторы                                    ', 'smoke', '2019-08-23 15:32:19', '2019-08-23 15:32:19'),
(81, NULL, 1, '\n                                        Игровые приставки                                    ', 'console', '2019-08-23 15:32:19', '2019-08-23 15:32:19'),
(82, NULL, 1, '\n                                        Игры для приставок                                    ', 'games', '2019-08-23 15:32:19', '2019-08-23 15:32:19'),
(83, NULL, 1, '\n                                        Игры для ПК                                    ', 'pcgames', '2019-08-23 15:32:19', '2019-08-23 15:32:19'),
(84, NULL, 1, '\n                                        Игровые контроллеры и аксессуары                                    ', 'controllers', '2019-08-23 15:32:19', '2019-08-23 15:32:19'),
(85, NULL, 1, '\n                                        Карты оплаты и подписки                                    ', 'paymentcard', '2019-08-23 15:32:19', '2019-08-23 15:32:19'),
(86, NULL, 1, '\n                                        Радиотелефоны DECT                                    ', 'dect', '2019-08-23 15:32:19', '2019-08-23 15:32:19'),
(87, NULL, 1, '\n                                        Проводные телефоны                                    ', 'phone', '2019-08-23 15:32:19', '2019-08-23 15:32:19'),
(88, NULL, 1, '\n                                        3G-модемы                                    ', 'wirelessadapter?wa_type%5B0%5D=3g&wa_type%5B1%5D=4g&wa_type%5Boperation%5D=union', '2019-08-23 15:32:19', '2019-08-23 15:32:19'),
(89, NULL, 1, '\n                                        Факсы                                    ', 'fax', '2019-08-23 15:32:19', '2019-08-23 15:32:19'),
(90, NULL, 1, '\n                                        Портативные радиостанции                                    ', 'portableradio', '2019-08-23 15:32:19', '2019-08-23 15:32:19'),
(91, NULL, 1, '\n                                        Синтезаторы и рабочие станции                                    ', 'synthandworkst', '2019-08-23 15:32:19', '2019-08-23 15:32:19'),
(92, NULL, 1, '\n                                        Аудиоинтерфейсы                                    ', 'audiointerface', '2019-08-23 15:32:19', '2019-08-23 15:32:19'),
(93, NULL, 1, '\n                                        Концертная акустика                                    ', 'concertacoustics', '2019-08-23 15:32:19', '2019-08-23 15:32:19'),
(94, NULL, 1, '\n                                        Студийные мониторы                                    ', 'studio_monitor', '2019-08-23 15:32:19', '2019-08-23 15:32:19'),
(95, NULL, 1, '\n                                        Гитарные комбоусилители                                    ', 'guitarcombo', '2019-08-23 15:32:19', '2019-08-23 15:32:19'),
(96, NULL, 1, '\n                                        Бинокли и подзорные трубы                                    ', 'optic', '2019-08-23 15:32:19', '2019-08-23 15:32:19'),
(97, NULL, 1, '\n                                        Телескопы                                    ', 'telescope', '2019-08-23 15:32:19', '2019-08-23 15:32:19'),
(98, NULL, 1, '\n                                        Ноутбуки                                    ', 'notebook', '2019-08-23 15:32:19', '2019-08-23 15:32:19'),
(99, NULL, 1, '\n                                        Моноблоки                                    ', 'monoblock', '2019-08-23 15:32:19', '2019-08-23 15:32:19'),
(100, NULL, 1, '\n                                        Компьютеры                                    ', 'desktoppc', '2019-08-23 15:32:19', '2019-08-23 15:32:19'),
(101, NULL, 1, '\n                                        Мониторы                                    ', 'display', '2019-08-23 15:32:19', '2019-08-23 15:32:19'),
(102, NULL, 1, '\n                                        Видеокарты                                    ', 'videocard', '2019-08-23 15:32:19', '2019-08-23 15:32:19'),
(103, NULL, 1, '\n                                        Процессоры                                    ', 'cpu', '2019-08-23 15:32:19', '2019-08-23 15:32:19'),
(104, NULL, 1, '\n                                        Материнские платы                                    ', 'motherboard', '2019-08-23 15:32:19', '2019-08-23 15:32:19'),
(105, NULL, 1, '\n                                        Оперативная память                                    ', 'dram', '2019-08-23 15:32:19', '2019-08-23 15:32:19'),
(106, NULL, 1, '\n                                        Кулеры                                    ', 'fan', '2019-08-23 15:32:19', '2019-08-23 15:32:19'),
(107, NULL, 1, '\n                                        SSD                                    ', 'ssd', '2019-08-23 15:32:19', '2019-08-23 15:32:19'),
(108, NULL, 1, '\n                                        Жесткие диски                                    ', 'hdd', '2019-08-23 15:32:19', '2019-08-23 15:32:19'),
(109, NULL, 1, '\n                                        Корпуса                                    ', 'chassis', '2019-08-23 15:32:19', '2019-08-23 15:32:19'),
(110, NULL, 1, '\n                                        Блоки питания                                    ', 'powersupply', '2019-08-23 15:32:19', '2019-08-23 15:32:19'),
(111, NULL, 1, '\n                                        Звуковые карты                                    ', 'soundcard?type_soundcard%5B0%5D=internal&type_soundcard%5Boperation%5D=union', '2019-08-23 15:32:19', '2019-08-23 15:32:19'),
(112, NULL, 1, '\n                                        Сетевые адаптеры                                    ', 'networkadapter', '2019-08-23 15:32:19', '2019-08-23 15:32:19'),
(113, NULL, 1, '\n                                        Оптические приводы                                    ', 'optical', '2019-08-23 15:32:19', '2019-08-23 15:32:19'),
(114, NULL, 1, '\n                                        ТВ-тюнеры                                    ', 'tvtuner?execution_tvtune%5B0%5D=in&execution_tvtune%5Boperation%5D=union', '2019-08-23 15:32:19', '2019-08-23 15:32:19'),
(115, NULL, 1, '\n                                        Принтеры и МФУ                                    ', 'printers', '2019-08-23 15:32:19', '2019-08-23 15:32:19'),
(116, NULL, 1, '\n                                        Сканеры                                    ', 'scanner', '2019-08-23 15:32:19', '2019-08-23 15:32:19'),
(117, NULL, 1, '\n                                        Графические планшеты                                    ', 'tablets', '2019-08-23 15:32:19', '2019-08-23 15:32:19'),
(118, NULL, 1, '\n                                        Картриджи                                    ', 'cartridges', '2019-08-23 15:32:19', '2019-08-23 15:32:19'),
(119, NULL, 1, '\n                                        Бумага и материалы для печати                                    ', 'photopaper', '2019-08-23 15:32:19', '2019-08-23 15:32:19'),
(120, NULL, 1, '\n                                        Ламинаторы                                    ', 'laminator', '2019-08-23 15:32:19', '2019-08-23 15:32:19'),
(121, NULL, 1, '\n                                        Брошюровщики                                    ', 'bindingmachines', '2019-08-23 15:32:19', '2019-08-23 15:32:19'),
(122, NULL, 1, '\n                                        Матричные принтеры                                    ', 'matrixprinter', '2019-08-23 15:32:19', '2019-08-23 15:32:19'),
(123, NULL, 1, '\n                                        3D-принтеры                                    ', '3dprinter', '2019-08-23 15:32:19', '2019-08-23 15:32:19'),
(124, NULL, 1, '\n                                        3D-ручки                                    ', '3d_pen', '2019-08-23 15:32:19', '2019-08-23 15:32:19'),
(125, NULL, 1, '\n                                        Расходные материалы для 3D-печати                                    ', '3d_filament', '2019-08-23 15:32:19', '2019-08-23 15:32:19'),
(126, NULL, 1, '\n                                        Мыши                                    ', 'mouse', '2019-08-23 15:32:19', '2019-08-23 15:32:19'),
(127, NULL, 1, '\n                                        Клавиатуры                                    ', 'keyboards', '2019-08-23 15:32:19', '2019-08-23 15:32:19'),
(128, NULL, 1, '\n                                        Наборы периферии (клавиатура + мышь)                                    ', 'peripheralkits', '2019-08-23 15:32:19', '2019-08-23 15:32:19'),
(129, NULL, 1, '\n                                        Коврики для мыши                                    ', 'mousepad', '2019-08-23 15:32:19', '2019-08-23 15:32:19'),
(130, NULL, 1, '\n                                        Внешние накопители (HDD и SSD)                                    ', 'externalhdd', '2019-08-23 15:32:19', '2019-08-23 15:32:19'),
(131, NULL, 1, '\n                                        Флешки USB                                    ', 'usbflash', '2019-08-23 15:32:19', '2019-08-23 15:32:19'),
(132, NULL, 1, '\n                                        Боксы для накопителей                                    ', 'hddbox', '2019-08-23 15:32:19', '2019-08-23 15:32:19'),
(133, NULL, 1, '\n                                        Сетевые накопители (NAS)                                    ', 'nas', '2019-08-23 15:32:19', '2019-08-23 15:32:19'),
(134, NULL, 1, '\n                                        USB-хабы и док-станции                                    ', 'usbhub', '2019-08-23 15:32:19', '2019-08-23 15:32:19'),
(135, NULL, 1, '\n                                        Веб-камеры                                    ', 'webcams', '2019-08-23 15:32:19', '2019-08-23 15:32:19'),
(136, NULL, 1, '\n                                        IP-камеры                                    ', 'ipcamera', '2019-08-23 15:32:19', '2019-08-23 15:32:19'),
(137, NULL, 1, '\n                                        Беспроводные маршрутизаторы                                    ', 'wrouter', '2019-08-23 15:32:19', '2019-08-23 15:32:19'),
(138, NULL, 1, '\n                                        Беспроводные адаптеры                                    ', 'wirelessadapter', '2019-08-23 15:32:19', '2019-08-23 15:32:19'),
(139, NULL, 1, '\n                                        Коммутаторы                                    ', 'switch', '2019-08-23 15:32:19', '2019-08-23 15:32:19'),
(140, NULL, 1, '\n                                        DSL-модемы и маршрутизаторы                                    ', 'dslmodem', '2019-08-23 15:32:19', '2019-08-23 15:32:19'),
(141, NULL, 1, '\n                                        Беспроводные точки доступа                                    ', 'wirelessap', '2019-08-23 15:32:19', '2019-08-23 15:32:19'),
(142, NULL, 1, '\n                                        Сетевые кабели                                    ', 'cable?cable_usage%5B0%5D=type4&cable_usage%5Boperation%5D=union', '2019-08-23 15:32:19', '2019-08-23 15:32:19'),
(143, NULL, 1, '\n                                        Инструмент для обжимки кабелей                                    ', 'household_tools?ht_type%5B0%5D=crimpingpliers&ht_type%5Boperation%5D=union&order=date:desc', '2019-08-23 15:32:19', '2019-08-23 15:32:19'),
(144, NULL, 1, '\n                                        Сети по электропроводке (Powerline)                                    ', 'powerline', '2019-08-23 15:32:19', '2019-08-23 15:32:19'),
(145, NULL, 1, '\n                                        Антенны беспроводной связи                                    ', 'wantenna', '2019-08-23 15:32:19', '2019-08-23 15:32:19'),
(146, NULL, 1, '\n                                        Рюкзаки для ноутбуков                                    ', 'backpack?bap_internaldep%5B0%5D=laptoptablet&bap_internaldep%5Boperation%5D=union', '2019-08-23 15:32:19', '2019-08-23 15:32:19'),
(147, NULL, 1, '\n                                        Сумки для ноутбуков                                    ', 'notebookcase', '2019-08-23 15:32:19', '2019-08-23 15:32:19'),
(148, NULL, 1, '\n                                        Охлаждающие подставки                                    ', 'laptopstand', '2019-08-23 15:32:19', '2019-08-23 15:32:19'),
(149, NULL, 1, '\n                                        Кабели, адаптеры, разветвители                                    ', 'cable?cable_usage%5B0%5D=pc&cable_usage%5Boperation%5D=union', '2019-08-23 15:32:19', '2019-08-23 15:32:19'),
(150, NULL, 1, '\n                                        Аккумуляторы и зарядные устройства                                    ', 'nbbatteries?mfr%5B0%5D=for_notebook&mfr%5B1%5D=for_notebook_cha', '2019-08-23 15:32:19', '2019-08-23 15:32:19'),
(151, NULL, 1, '\n                                        Универсальные зарядные устройства                                    ', 'chargersmobile?mc_devicetype%5B0%5D=type2&mc_devicetype%5Boperation%5D=union', '2019-08-23 15:32:19', '2019-08-23 15:32:19'),
(152, NULL, 1, '\n                                        Источники бесперебойного питания                                    ', 'ups', '2019-08-23 15:32:19', '2019-08-23 15:32:19'),
(153, NULL, 1, '\n                                        Стабилизаторы и сетевые фильтры                                    ', 'voltageregulator', '2019-08-23 15:32:19', '2019-08-23 15:32:19'),
(154, NULL, 1, '\n                                        Аккумуляторы для ноутбуков                                    ', 'nbbatteries?mfr%5B0%5D=for_notebook', '2019-08-23 15:32:19', '2019-08-23 15:32:19'),
(155, NULL, 1, '\n                                        Кабели питания                                    ', 'cable?conn1%5B0%5D=c5&conn1%5Boperation%5D=intersect', '2019-08-23 15:32:19', '2019-08-23 15:32:19'),
(156, NULL, 1, '\n                                        Аккумуляторы для ИБП                                    ', 'ups_battery', '2019-08-23 15:32:19', '2019-08-23 15:32:19'),
(157, NULL, 1, '\n                                        Антивирусы и безопасность                                    ', 'antivirus', '2019-08-23 15:32:19', '2019-08-23 15:32:19'),
(158, NULL, 1, '\n                                        Холодильники                                    ', 'refrigerator', '2019-08-23 15:32:19', '2019-08-23 15:32:19'),
(159, NULL, 1, '\n                                        Морозильники                                    ', 'refrigerator?type_refrigerato%5B0%5D=chestfreezer&type_refrigerato%5B1%5D=freezer&type_refrigerato%5Boperation%5D=union', '2019-08-23 15:32:19', '2019-08-23 15:32:19'),
(160, NULL, 1, '\n                                        Стиральные машины                                    ', 'washingmachine', '2019-08-23 15:32:19', '2019-08-23 15:32:19'),
(161, NULL, 1, '\n                                        Сушильные машины                                    ', 'washingmachine?type_washm_bi[0]=dry_m&type_washm_bi[1]=dryingcabinet&type_washm_bi[operation]=union', '2019-08-23 15:32:19', '2019-08-23 15:32:19'),
(162, NULL, 1, '\n                                        Вытяжки                                    ', 'hoods', '2019-08-23 15:32:19', '2019-08-23 15:32:19'),
(163, NULL, 1, '\n                                        Кухонные плиты                                    ', 'cooker', '2019-08-23 15:32:19', '2019-08-23 15:32:19'),
(164, NULL, 1, '\n                                        Посудомоечные машины                                    ', 'dishwasher', '2019-08-23 15:32:19', '2019-08-23 15:32:19'),
(165, NULL, 1, '\n                                        Винные шкафы                                    ', 'wine_cabinets', '2019-08-23 15:32:19', '2019-08-23 15:32:19'),
(166, NULL, 1, '\n                                        Аксессуары для крупной бытовой техники                                    ', 'largehomeapp_acs', '2019-08-23 15:32:19', '2019-08-23 15:32:19'),
(167, NULL, 1, '\n                                        Варочные панели                                    ', 'hob_cooker', '2019-08-23 15:32:19', '2019-08-23 15:32:19'),
(168, NULL, 1, '\n                                        Духовые шкафы                                    ', 'oven_cooker', '2019-08-23 15:32:19', '2019-08-23 15:32:19'),
(169, NULL, 1, '\n                                        Посудомоечные машины                                    ', 'dishwasher?location[0]=installation&location[operation]=union', '2019-08-23 15:32:19', '2019-08-23 15:32:19'),
(170, NULL, 1, '\n                                        Холодильники                                    ', 'refrigerator?location[0]=installation&location[operation]=union', '2019-08-23 15:32:19', '2019-08-23 15:32:19'),
(171, NULL, 1, '\n                                        Стиральные машины                                    ', 'washingmachine?location[0]=installation&location[operation]=union', '2019-08-23 15:32:19', '2019-08-23 15:32:19'),
(172, NULL, 1, '\n                                        Микроволновые печи                                    ', 'microvawe?location[0]=installation&location[operation]=union', '2019-08-23 15:32:19', '2019-08-23 15:32:19'),
(173, NULL, 1, '\n                                        Кофемашины                                    ', 'coffee?location[0]=installation&location[operation]=union', '2019-08-23 15:32:19', '2019-08-23 15:32:19'),
(174, NULL, 1, '\n                                        Измельчители пищевых отходов                                    ', 'disposer', '2019-08-23 15:32:19', '2019-08-23 15:32:19'),
(175, NULL, 1, '\n                                        Пылесосы                                    ', 'vacuumcleaner', '2019-08-23 15:32:19', '2019-08-23 15:32:19'),
(176, NULL, 1, '\n                                        Роботы-пылесосы                                    ', 'robotcleaner', '2019-08-23 15:32:19', '2019-08-23 15:32:19'),
(177, NULL, 1, '\n                                        Пылесосы для окон                                    ', 'vacuumcleaner?vc_type%5B0%5D=windowvc&vc_type%5Boperation%5D=union', '2019-08-23 15:32:19', '2019-08-23 15:32:19'),
(178, NULL, 1, '\n                                        Роботы для мытья окон                                    ', 'robotcleaner?robot_type%5B0%5D=1&robot_type%5Boperation%5D=union', '2019-08-23 15:32:19', '2019-08-23 15:32:19'),
(179, NULL, 1, '\n                                        Пароочистители                                    ', 'steamcleaner?steam_type%5B0%5D=purifier&steam_type%5Boperation%5D=union', '2019-08-23 15:32:19', '2019-08-23 15:32:19'),
(180, NULL, 1, '\n                                        Электровеники                                    ', 'sweeper', '2019-08-23 15:32:19', '2019-08-23 15:32:19'),
(181, NULL, 1, '\n                                        Аксессуары для пылесосов, пароочистителей                                    ', 'vacuum_acs', '2019-08-23 15:32:19', '2019-08-23 15:32:19'),
(182, NULL, 1, '\n                                        Утюги                                    ', 'iron', '2019-08-23 15:32:19', '2019-08-23 15:32:19'),
(183, NULL, 1, '\n                                        Отпариватели                                    ', 'steamcleaner?steam_type%5B0%5D=steamer&steam_type%5B1%5D=ironing_station&steam_type%5B2%5D=steampress&steam_type%5Boperation%5D=union', '2019-08-23 15:32:19', '2019-08-23 15:32:19'),
(184, NULL, 1, '\n                                        Гладильные станции и прессы                                    ', 'steamcleaner?steam_type%5B0%5D=ironing_station&steam_type%5B1%5D=steampress&steam_type%5Boperation%5D=union', '2019-08-23 15:32:19', '2019-08-23 15:32:19'),
(185, NULL, 1, '\n                                        Швейные машины                                    ', 'sewingmachines', '2019-08-23 15:32:19', '2019-08-23 15:32:19'),
(186, NULL, 1, '\n                                        Оверлоки                                    ', 'overlock', '2019-08-23 15:32:19', '2019-08-23 15:32:19'),
(187, NULL, 1, '\n                                        Вышивальные и швейно-вышивальные машины                                    ', 'sewingmachines?embroideryunit=1', '2019-08-23 15:32:19', '2019-08-23 15:32:19'),
(188, NULL, 1, '\n                                        Машинки для удаления катышков                                    ', 'lintshaver', '2019-08-23 15:32:19', '2019-08-23 15:32:19'),
(189, NULL, 1, '\n                                        Аксессуары для утюгов, гладильных систем                                    ', 'climate_acs?cla_purpos%5B0%5D=iron&cla_purpos%5B1%5D=gladsystem&cla_purpos%5B2%5D=press&cla_purpos%5Boperation%5D=union', '2019-08-23 15:32:19', '2019-08-23 15:32:19'),
(190, NULL, 1, '\n                                        Кондиционеры                                    ', 'conditioners', '2019-08-23 15:32:19', '2019-08-23 15:32:19'),
(191, NULL, 1, '\n                                        Водонагреватели                                    ', 'waterheater', '2019-08-23 15:32:19', '2019-08-23 15:32:19'),
(192, NULL, 1, '\n                                        Обогреватели                                    ', 'heater', '2019-08-23 15:32:19', '2019-08-23 15:32:19'),
(193, NULL, 1, '\n                                        Увлажнители воздуха                                    ', 'humidifier', '2019-08-23 15:32:19', '2019-08-23 15:32:19'),
(194, NULL, 1, '\n                                        Отопительные котлы                                    ', 'boiler', '2019-08-23 15:32:19', '2019-08-23 15:32:19'),
(195, NULL, 1, '\n                                        Вентиляторы                                    ', 'blower', '2019-08-23 15:32:19', '2019-08-23 15:32:19'),
(196, NULL, 1, '\n                                        Очистители и мойки воздуха                                    ', 'airpurifier', '2019-08-23 15:32:19', '2019-08-23 15:32:19'),
(197, NULL, 1, '\n                                        Приточные проветриватели                                    ', 'exhaustfan?ef_type%5B0%5D=passprov&ef_type%5B1%5D=recuperator&ef_type%5B2%5D=provbeznagr&ef_type%5B3%5D=provnagr&ef_type%5Boperation%5D=union', '2019-08-23 15:32:19', '2019-08-23 15:32:19'),
(198, NULL, 1, '\n                                        Метеостанции                                    ', 'meteostations', '2019-08-23 15:32:19', '2019-08-23 15:32:19'),
(199, NULL, 1, '\n                                        Электрокамины                                    ', 'electrofireplace', '2019-08-23 15:32:19', '2019-08-23 15:32:19'),
(200, NULL, 1, '\n                                        Осушители воздуха                                    ', 'dehumidifier', '2019-08-23 15:32:19', '2019-08-23 15:32:19'),
(201, NULL, 1, '\n                                        Электронные уничтожители насекомых                                    ', 'insect_killer', '2019-08-23 15:32:19', '2019-08-23 15:32:19'),
(202, NULL, 1, '\n                                        Аксессуары для климатической техники                                    ', 'climate_acs?cla_purpos%5B0%5D=humid&cla_purpos%5B1%5D=aircleaner&cla_purpos%5B2%5D=condic&cla_purpos%5Boperation%5D=union', '2019-08-23 15:32:19', '2019-08-23 15:32:19'),
(203, NULL, 1, '\n                                        Микроволновые печи                                    ', 'microvawe', '2019-08-23 15:32:19', '2019-08-23 15:32:19'),
(204, NULL, 1, '\n                                        Мультиварки                                    ', 'multicooker', '2019-08-23 15:32:19', '2019-08-23 15:32:19'),
(205, NULL, 1, '\n                                        Настольные плиты                                    ', 'tabletop_cooker', '2019-08-23 15:32:19', '2019-08-23 15:32:19'),
(206, NULL, 1, '\n                                        Мини-печи                                    ', 'roaster', '2019-08-23 15:32:19', '2019-08-23 15:32:19'),
(207, NULL, 1, '\n                                        Тостеры                                    ', 'toaster', '2019-08-23 15:32:19', '2019-08-23 15:32:19'),
(208, NULL, 1, '\n                                        Вафельницы                                    ', 'waffle', '2019-08-23 15:32:19', '2019-08-23 15:32:19'),
(209, NULL, 1, '\n                                        Сэндвичницы                                    ', 'sandwichers', '2019-08-23 15:32:19', '2019-08-23 15:32:19'),
(210, NULL, 1, '\n                                        Аэрогрили                                    ', 'aerogrill', '2019-08-23 15:32:19', '2019-08-23 15:32:19'),
(211, NULL, 1, '\n                                        Хлебопечки                                    ', 'breadmaker', '2019-08-23 15:32:19', '2019-08-23 15:32:19'),
(212, NULL, 1, '\n                                        Электрогрили                                    ', 'electricgrill', '2019-08-23 15:32:19', '2019-08-23 15:32:19'),
(213, NULL, 1, '\n                                        Электрошашлычницы                                    ', 'electrobarbecue', '2019-08-23 15:32:19', '2019-08-23 15:32:19'),
(214, NULL, 1, '\n                                        Пароварки                                    ', 'steamers', '2019-08-23 15:32:19', '2019-08-23 15:32:19'),
(215, NULL, 1, '\n                                        Йогуртницы и мороженицы                                    ', 'yogurtmaker', '2019-08-23 15:32:19', '2019-08-23 15:32:19'),
(216, NULL, 1, '\n                                        Фритюрницы                                    ', 'fryer', '2019-08-23 15:32:19', '2019-08-23 15:32:19'),
(217, NULL, 1, '\n                                        Блинницы                                    ', 'crepemaker', '2019-08-23 15:32:19', '2019-08-23 15:32:19'),
(218, NULL, 1, '\n                                        Яйцеварки                                    ', 'eggmaker', '2019-08-23 15:32:19', '2019-08-23 15:32:19'),
(219, NULL, 1, '\n                                        Аксессуары для кухонной техники                                    ', 'kitchen_acs', '2019-08-23 15:32:19', '2019-08-23 15:32:19'),
(220, NULL, 1, '\n                                        Кофемашины                                    ', 'coffee?type_coffee[0]=coffee_machine&type_coffee[operation]=union', '2019-08-23 15:32:19', '2019-08-23 15:32:19'),
(221, NULL, 1, '\n                                        Кофеварки                                    ', 'coffee?type_coffee[0]=espresso_coffee&type_coffee[1]=dropping_coffee&type_coffee[2]=boiler&type_coffee[3]=turkey&type_coffee[4]=pour_over&type_coffee[5]=geyzernaya_coffe&type_coffee[operation]=union', '2019-08-23 15:32:19', '2019-08-23 15:32:19'),
(222, NULL, 1, '\n                                        Капсульные кофеварки и кофемашины                                    ', 'coffee?type_coffee[0]=capsules&type_coffee[1]=capsule_machine&type_coffee[operation]=union', '2019-08-23 15:32:19', '2019-08-23 15:32:19'),
(223, NULL, 1, '\n                                        Электрочайники и термопоты                                    ', 'kettle', '2019-08-23 15:32:19', '2019-08-23 15:32:19'),
(224, NULL, 1, '\n                                        Чайники                                    ', 'kettles', '2019-08-23 15:32:19', '2019-08-23 15:32:19'),
(225, NULL, 1, '\n                                        Заварочные чайники, кофеварки, френч-прессы                                    ', 'teapot', '2019-08-23 15:32:19', '2019-08-23 15:32:19'),
(226, NULL, 1, '\n                                        Кофемолки                                    ', 'coffeegrinders', '2019-08-23 15:32:19', '2019-08-23 15:32:19'),
(227, NULL, 1, '\n                                        Вспениватели молока                                    ', 'milkfrother', '2019-08-23 15:32:19', '2019-08-23 15:32:19'),
(228, NULL, 1, '\n                                        Кофе                                    ', 'coffeejava', '2019-08-23 15:32:19', '2019-08-23 15:32:19'),
(229, NULL, 1, '\n                                        Чай                                    ', 'tea', '2019-08-23 15:32:19', '2019-08-23 15:32:19'),
(230, NULL, 1, '\n                                        Аксессуары для кофемашин, кофеварок, чайников                                    ', 'kitchen_acs?ka_purpos%5B0%5D=type4&ka_purpos%5B1%5D=kettletermopot&ka_purpos%5Boperation%5D=union', '2019-08-23 15:32:19', '2019-08-23 15:32:19'),
(231, NULL, 1, '\n                                        Блендеры                                    ', 'blender', '2019-08-23 15:32:19', '2019-08-23 15:32:19'),
(232, NULL, 1, '\n                                        Кухонные комбайны                                    ', 'foodprocessors', '2019-08-23 15:32:19', '2019-08-23 15:32:19'),
(233, NULL, 1, '\n                                        Мясорубки                                    ', 'meatgrinder', '2019-08-23 15:32:19', '2019-08-23 15:32:19'),
(234, NULL, 1, '\n                                        Миксеры                                    ', 'mixer', '2019-08-23 15:32:19', '2019-08-23 15:32:19'),
(235, NULL, 1, '\n                                        Соковыжималки                                    ', 'juicer', '2019-08-23 15:32:19', '2019-08-23 15:32:19'),
(236, NULL, 1, '\n                                        Сушилки для овощей и фруктов                                    ', 'food_dehydrator', '2019-08-23 15:32:19', '2019-08-23 15:32:19'),
(237, NULL, 1, '\n                                        Кухонные весы                                    ', 'kitchenscales', '2019-08-23 15:32:19', '2019-08-23 15:32:19'),
(238, NULL, 1, '\n                                        Ломтерезки                                    ', 'slicer', '2019-08-23 15:32:19', '2019-08-23 15:32:19'),
(239, NULL, 1, '\n                                        Измельчители (чопперы)                                    ', 'chopper', '2019-08-23 15:32:19', '2019-08-23 15:32:19'),
(240, NULL, 1, '\n                                        Вакуумные упаковщики                                    ', 'vacuummachine', '2019-08-23 15:32:19', '2019-08-23 15:32:19'),
(241, NULL, 1, '\n                                        Маринаторы                                    ', 'marinator', '2019-08-23 15:32:19', '2019-08-23 15:32:19'),
(242, NULL, 1, '\n                                        Машинки для стрижки волос                                    ', 'hairclipper', '2019-08-23 15:32:19', '2019-08-23 15:32:19'),
(243, NULL, 1, '\n                                        Плойки, стайлеры, щипцы                                    ', 'styler', '2019-08-23 15:32:19', '2019-08-23 15:32:19'),
(244, NULL, 1, '\n                                        Фены                                    ', 'hairdryer', '2019-08-23 15:32:19', '2019-08-23 15:32:19'),
(245, NULL, 1, '\n                                        Зубные щетки и ирригаторы                                    ', 'toothbrush', '2019-08-23 15:32:19', '2019-08-23 15:32:19'),
(246, NULL, 1, '\n                                        Мужские электробритвы                                    ', 'shaver', '2019-08-23 15:32:19', '2019-08-23 15:32:19'),
(247, NULL, 1, '\n                                        Женские электробритвы и эпиляторы                                    ', 'ladyshaver', '2019-08-23 15:32:19', '2019-08-23 15:32:19'),
(248, NULL, 1, '\n                                        Напольные весы                                    ', 'scales', '2019-08-23 15:32:19', '2019-08-23 15:32:19'),
(249, NULL, 1, '\n                                        Гидромассажные ванночки                                    ', 'footbath', '2019-08-23 15:32:19', '2019-08-23 15:32:19'),
(250, NULL, 1, '\n                                        Маникюрные и педикюрные наборы                                    ', 'manicure', '2019-08-23 15:32:19', '2019-08-23 15:32:19'),
(251, NULL, 1, '\n                                        Аксессуары к товарам для красоты и здоровья                                    ', 'beauty_acs', '2019-08-23 15:32:19', '2019-08-23 15:32:19'),
(252, NULL, 1, '\n                                        Ингаляторы                                    ', 'inhaler', '2019-08-23 15:32:19', '2019-08-23 15:32:19'),
(253, NULL, 1, '\n                                        Тонометры                                    ', 'tonometers', '2019-08-23 15:32:19', '2019-08-23 15:32:19'),
(254, NULL, 1, '\n                                        Термометры                                    ', 'medthermometer', '2019-08-23 15:32:19', '2019-08-23 15:32:19'),
(255, NULL, 1, '\n                                        Глюкометры                                    ', 'glucosemeter', '2019-08-23 15:32:19', '2019-08-23 15:32:19'),
(256, NULL, 1, '\n                                        Контактные линзы                                    ', 'contact_lense', '2019-08-23 15:32:19', '2019-08-23 15:32:19'),
(257, NULL, 1, '\n                                        Растворы для линз                                    ', 'solutionlenses', '2019-08-23 15:32:19', '2019-08-23 15:32:19'),
(258, NULL, 1, '\n                                        Сушилки для белья                                    ', 'linendryer', '2019-08-23 15:32:19', '2019-08-23 15:32:19'),
(259, NULL, 1, '\n                                        Гладильные доски                                    ', 'ironingboard', '2019-08-23 15:32:19', '2019-08-23 15:32:19'),
(260, NULL, 1, '\n                                        Средства для стирки и ухода за бельем                                    ', 'washingpowder', '2019-08-23 15:32:19', '2019-08-23 15:32:19'),
(261, NULL, 1, '\n                                        Средства для посудомоечных машин                                    ', 'dishwashertablet', '2019-08-23 15:32:19', '2019-08-23 15:32:19'),
(262, NULL, 1, '\n                                        Аксессуары для утюгов, увлажнителей и очистителей воздуха                                    ', 'climate_acs', '2019-08-23 15:32:19', '2019-08-23 15:32:19'),
(263, NULL, 1, '\n                                        Электродрели и дрели-шуруповерты                                    ', 'drills', '2019-08-23 15:32:19', '2019-08-23 15:32:19'),
(264, NULL, 1, '\n                                        Перфораторы                                    ', 'rotaryhammers', '2019-08-23 15:32:19', '2019-08-23 15:32:19'),
(265, NULL, 1, '\n                                        Наборы ручных инструментов                                    ', 'tool_kits', '2019-08-23 15:32:19', '2019-08-23 15:32:19'),
(266, NULL, 1, '\n                                        Электроотвертки                                    ', 'screwdriver?typescrewdriver[0]=simplescrewdrive&typescrewdriver[operation]=union', '2019-08-23 15:32:19', '2019-08-23 15:32:19'),
(267, NULL, 1, '\n                                        Шуруповерты, винтоверты                                    ', 'screwdriver?typescrewdriver[0]=hardscrewdrive&typescrewdriver[1]=vintovert&typescrewdriver[operation]=union', '2019-08-23 15:32:19', '2019-08-23 15:32:19'),
(268, NULL, 1, '\n                                        Аккумуляторы и зарядные устройства для инструмента                                    ', 'tools_accum', '2019-08-23 15:32:19', '2019-08-23 15:32:19'),
(269, NULL, 1, '\n                                        Дрели-миксеры                                    ', 'drills?type_drill[0]=drill_mixer&type_drill[operation]=union', '2019-08-23 15:32:19', '2019-08-23 15:32:19'),
(270, NULL, 1, '\n                                        Угловые шлифмашины (болгарки)                                    ', 'angle_grinder', '2019-08-23 15:32:19', '2019-08-23 15:32:19'),
(271, NULL, 1, '\n                                        Шлифмашины                                    ', 'grinder', '2019-08-23 15:32:19', '2019-08-23 15:32:19'),
(272, NULL, 1, '\n                                        Полировальные машины                                    ', 'grinder?tupe_grinder[0]=polish&tupe_grinder[operation]=union', '2019-08-23 15:32:19', '2019-08-23 15:32:19'),
(273, NULL, 1, '\n                                        Мультитулы                                    ', 'grinder?tupe_grinder[0]=multi_grinder&tupe_grinder[operation]=union', '2019-08-23 15:32:19', '2019-08-23 15:32:19');
INSERT INTO `categories` (`id`, `parent_id`, `order`, `name`, `slug`, `created_at`, `updated_at`) VALUES
(274, NULL, 1, '\n                                        Дисковые пилы                                    ', 'electric_saw?type_saw[0]=disk&type_saw[operation]=union', '2019-08-23 15:32:19', '2019-08-23 15:32:19'),
(275, NULL, 1, '\n                                        Сабельные пилы                                    ', 'electric_saw?type_saw[0]=saber&type_saw[operation]=union', '2019-08-23 15:32:19', '2019-08-23 15:32:19'),
(276, NULL, 1, '\n                                        Лобзики                                    ', 'fretsaw', '2019-08-23 15:32:19', '2019-08-23 15:32:19'),
(277, NULL, 1, '\n                                        Рубанки                                    ', 'plane', '2019-08-23 15:32:19', '2019-08-23 15:32:19'),
(278, NULL, 1, '\n                                        Строительный, слесарный, монтажный инструмент                                    ', 'household_tools', '2019-08-23 15:32:19', '2019-08-23 15:32:19'),
(279, NULL, 1, '\n                                        Ящики для инструментов                                    ', 'toolbox', '2019-08-23 15:32:19', '2019-08-23 15:32:19'),
(280, NULL, 1, '\n                                        Фрезеры                                    ', 'woodrouter', '2019-08-23 15:32:19', '2019-08-23 15:32:19'),
(281, NULL, 1, '\n                                        Промышленные фены                                    ', 'industrialdryer', '2019-08-23 15:32:19', '2019-08-23 15:32:19'),
(282, NULL, 1, '\n                                        Термоклеевые пистолеты                                    ', 'hotgluegun', '2019-08-23 15:32:19', '2019-08-23 15:32:19'),
(283, NULL, 1, '\n                                        Граверы                                    ', 'engraver', '2019-08-23 15:32:19', '2019-08-23 15:32:19'),
(284, NULL, 1, '\n                                        Хозяйственные пылесосы                                    ', 'vacuumcleaner?vc_type%5B0%5D=wetdryvc&vc_type%5Boperation%5D=union', '2019-08-23 15:32:19', '2019-08-23 15:32:19'),
(285, NULL, 1, '\n                                        Краскораспылители                                    ', 'electricspraygun', '2019-08-23 15:32:19', '2019-08-23 15:32:19'),
(286, NULL, 1, '\n                                        Штроборезы                                    ', 'wallchaser', '2019-08-23 15:32:19', '2019-08-23 15:32:19'),
(287, NULL, 1, '\n                                        Плиткорезы                                    ', 'tilecutter', '2019-08-23 15:32:19', '2019-08-23 15:32:19'),
(288, NULL, 1, '\n                                        Паяльники и паяльные лампы                                    ', 'solderingiron', '2019-08-23 15:32:19', '2019-08-23 15:32:19'),
(289, NULL, 1, '\n                                        Аппараты для сварки труб                                    ', 'pipe_welding', '2019-08-23 15:32:19', '2019-08-23 15:32:19'),
(290, NULL, 1, '\n                                        Электрические отбойные молотки                                    ', 'jackhammer?jh_type[0]=electric&jh_type[operation]=union', '2019-08-23 15:32:19', '2019-08-23 15:32:19'),
(291, NULL, 1, '\n                                        Электрические ножницы по металлу                                    ', 'metal_cutter', '2019-08-23 15:32:19', '2019-08-23 15:32:19'),
(292, NULL, 1, '\n                                        Скобозабиватели, гвоздезабиватели, степлеры                                    ', 'nailer', '2019-08-23 15:32:19', '2019-08-23 15:32:19'),
(293, NULL, 1, '\n                                        Диагностические тепловизоры и пирометры                                    ', 'thermal_imaging', '2019-08-23 15:32:19', '2019-08-23 15:32:19'),
(294, NULL, 1, '\n                                        Сварочные аппараты                                    ', 'weldinginverter', '2019-08-23 15:32:19', '2019-08-23 15:32:19'),
(295, NULL, 1, '\n                                        Компрессоры                                    ', 'compressor', '2019-08-23 15:32:19', '2019-08-23 15:32:19'),
(296, NULL, 1, '\n                                        Лазерные нивелиры                                    ', 'laserlevel', '2019-08-23 15:32:19', '2019-08-23 15:32:19'),
(297, NULL, 1, '\n                                        Тепловые пушки                                    ', 'heat_gun', '2019-08-23 15:32:19', '2019-08-23 15:32:19'),
(298, NULL, 1, '\n                                        Генераторы                                    ', 'powerstations', '2019-08-23 15:32:19', '2019-08-23 15:32:19'),
(299, NULL, 1, '\n                                        Бетономешалки                                    ', 'concrete', '2019-08-23 15:32:19', '2019-08-23 15:32:19'),
(300, NULL, 1, '\n                                        Сварочные маски                                    ', 'weldingmask', '2019-08-23 15:32:19', '2019-08-23 15:32:19'),
(301, NULL, 1, '\n                                        Строительные тачки                                    ', 'barrow', '2019-08-23 15:32:19', '2019-08-23 15:32:19'),
(302, NULL, 1, '\n                                        Лестницы и стремянки                                    ', 'stairandladder', '2019-08-23 15:32:19', '2019-08-23 15:32:19'),
(303, NULL, 1, '\n                                        Лазерные дальномеры                                    ', 'laserdistmeter', '2019-08-23 15:32:19', '2019-08-23 15:32:19'),
(304, NULL, 1, '\n                                        Виброплиты                                    ', 'platecompactor', '2019-08-23 15:32:19', '2019-08-23 15:32:19'),
(305, NULL, 1, '\n                                        Отбойные молотки                                    ', 'jackhammer', '2019-08-23 15:32:19', '2019-08-23 15:32:19'),
(306, NULL, 1, '\n                                        Электро- и бензорезы                                    ', 'powercutter', '2019-08-23 15:32:19', '2019-08-23 15:32:19'),
(307, NULL, 1, '\n                                        Мотопомпы                                    ', 'motopump', '2019-08-23 15:32:19', '2019-08-23 15:32:19'),
(308, NULL, 1, '\n                                        Ламинат                                    ', 'laminate', '2019-08-23 15:32:19', '2019-08-23 15:32:19'),
(309, NULL, 1, '\n                                        Линолеум                                    ', 'linoleum', '2019-08-23 15:32:19', '2019-08-23 15:32:19'),
(310, NULL, 1, '\n                                        Виниловые полы                                    ', 'vinyl_floor', '2019-08-23 15:32:19', '2019-08-23 15:32:19'),
(311, NULL, 1, '\n                                        Плитка                                    ', 'tile?t_kind%5B0%5D=floor&t_kind%5Boperation%5D=union', '2019-08-23 15:32:19', '2019-08-23 15:32:19'),
(312, NULL, 1, '\n                                        Паркетная доска                                    ', 'parquetboard', '2019-08-23 15:32:19', '2019-08-23 15:32:19'),
(313, NULL, 1, '\n                                        Кухонные мойки                                    ', 'kitchensink', '2019-08-23 15:32:19', '2019-08-23 15:32:19'),
(314, NULL, 1, '\n                                        Смесители                                    ', 'faucet', '2019-08-23 15:32:19', '2019-08-23 15:32:19'),
(315, NULL, 1, '\n                                        Ванны                                    ', 'bathtub', '2019-08-23 15:32:19', '2019-08-23 15:32:19'),
(316, NULL, 1, '\n                                        Полотенцесушители                                    ', 'towelrail', '2019-08-23 15:32:19', '2019-08-23 15:32:19'),
(317, NULL, 1, '\n                                        Душевые кабины                                    ', 'showerbox', '2019-08-23 15:32:19', '2019-08-23 15:32:19'),
(318, NULL, 1, '\n                                        Умывальники                                    ', 'washbasin', '2019-08-23 15:32:19', '2019-08-23 15:32:19'),
(319, NULL, 1, '\n                                        Пьедесталы для умывальников                                    ', 'pedestal', '2019-08-23 15:32:19', '2019-08-23 15:32:19'),
(320, NULL, 1, '\n                                        Сифоны                                    ', 'siphon', '2019-08-23 15:32:19', '2019-08-23 15:32:19'),
(321, NULL, 1, '\n                                        Унитазы                                    ', 'wcpan', '2019-08-23 15:32:19', '2019-08-23 15:32:19'),
(322, NULL, 1, '\n                                        Биде                                    ', 'bidet', '2019-08-23 15:32:19', '2019-08-23 15:32:19'),
(323, NULL, 1, '\n                                        Инсталляции для унитазов, раковин, биде и писсуаров                                    ', 'installations', '2019-08-23 15:32:19', '2019-08-23 15:32:19'),
(324, NULL, 1, '\n                                        Клавиши и системы смыва                                    ', 'flushing_system', '2019-08-23 15:32:19', '2019-08-23 15:32:19'),
(325, NULL, 1, '\n                                        Электронные крышки-биде                                    ', 'toilet_shower', '2019-08-23 15:32:19', '2019-08-23 15:32:19'),
(326, NULL, 1, '\n                                        Биотуалеты                                    ', 'biotoilet', '2019-08-23 15:32:19', '2019-08-23 15:32:19'),
(327, NULL, 1, '\n                                        Душевые панели и гарнитуры                                    ', 'shower', '2019-08-23 15:32:19', '2019-08-23 15:32:19'),
(328, NULL, 1, '\n                                        Душевые поддоны                                    ', 'shower_trays', '2019-08-23 15:32:19', '2019-08-23 15:32:19'),
(329, NULL, 1, '\n                                        Дозаторы, диспенсеры                                    ', 'dispenser', '2019-08-23 15:32:19', '2019-08-23 15:32:19'),
(330, NULL, 1, '\n                                        Сушилки для рук, волос                                    ', 'handsdryer', '2019-08-23 15:32:19', '2019-08-23 15:32:19'),
(331, NULL, 1, '\n                                        Насосы                                    ', 'pump', '2019-08-23 15:32:19', '2019-08-23 15:32:19'),
(332, NULL, 1, '\n                                        Приточные и вытяжные вентиляторы                                    ', 'exhaustfan', '2019-08-23 15:32:19', '2019-08-23 15:32:19'),
(333, NULL, 1, '\n                                        Гидроаккумуляторы                                    ', 'hydroaccum?ha_type%5B0%5D=type1&ha_type%5Boperation%5D=union', '2019-08-23 15:32:19', '2019-08-23 15:32:19'),
(334, NULL, 1, '\n                                        Трубы, фитинг                                    ', 'tube_fitting', '2019-08-23 15:32:19', '2019-08-23 15:32:19'),
(335, NULL, 1, '\n                                        Сантехнические ревизионные люки                                    ', 'access_panel', '2019-08-23 15:32:19', '2019-08-23 15:32:19'),
(336, NULL, 1, '\n                                        Трубы водогазопроводные                                    ', 'metal_pipes?pipe_type_1%5B0%5D=watergas&pipe_type_1%5Boperation%5D=union', '2019-08-23 15:32:19', '2019-08-23 15:32:19'),
(337, NULL, 1, '\n                                        Радиаторы отопления                                    ', 'radiators', '2019-08-23 15:32:19', '2019-08-23 15:32:19'),
(338, NULL, 1, '\n                                        Розетки, выключатели                                    ', 'wall_socket', '2019-08-23 15:32:19', '2019-08-23 15:32:19'),
(339, NULL, 1, '\n                                        Мультиметры, токовые клещи, индикаторные отвертки                                    ', 'multimeter', '2019-08-23 15:32:19', '2019-08-23 15:32:19'),
(340, NULL, 1, '\n                                        Люстры и светильники                                    ', 'luster', '2019-08-23 15:32:19', '2019-08-23 15:32:19'),
(341, NULL, 1, '\n                                        Лампочки                                    ', 'lightbulb', '2019-08-23 15:32:19', '2019-08-23 15:32:19'),
(342, NULL, 1, '\n                                        Стабилизаторы и сетевые фильтры                                    ', 'voltageregulator?voltage_type[0]=stabilizer&voltage_type[operation]=union', '2019-08-23 15:32:19', '2019-08-23 15:32:19'),
(343, NULL, 1, '\n                                        Насосы для систем отопления                                    ', 'pump?pump_purpose%5B0%5D=heating&pump_purpose%5Boperation%5D=union', '2019-08-23 15:32:19', '2019-08-23 15:32:19'),
(344, NULL, 1, '\n                                        Теплоизоляция                                    ', 'therminsulation', '2019-08-23 15:32:19', '2019-08-23 15:32:19'),
(345, NULL, 1, '\n                                        Звуко- и виброизоляция помещений                                    ', 'soundproofing', '2019-08-23 15:32:19', '2019-08-23 15:32:19'),
(346, NULL, 1, '\n                                        Теплые полы                                    ', 'heatedfloor', '2019-08-23 15:32:19', '2019-08-23 15:32:19'),
(347, NULL, 1, '\n                                        Терморегуляторы                                    ', 'thermostat', '2019-08-23 15:32:19', '2019-08-23 15:32:19'),
(348, NULL, 1, '\n                                        Дровяные камины, печи-камины, порталы                                    ', 'stove', '2019-08-23 15:32:19', '2019-08-23 15:32:19'),
(349, NULL, 1, '\n                                        Расширительные баки                                    ', 'hydroaccum?ha_type%5B0%5D=type2&ha_type%5Boperation%5D=union', '2019-08-23 15:32:19', '2019-08-23 15:32:19'),
(350, NULL, 1, '\n                                        Трубы, фитинг                                    ', 'tube_fitting?tube_use%5B0%5D=3&tube_use%5Boperation%5D=union', '2019-08-23 15:32:19', '2019-08-23 15:32:19'),
(351, NULL, 1, '\n                                        Дома, коттеджи                                    ', 'house', '2019-08-23 15:32:19', '2019-08-23 15:32:19'),
(352, NULL, 1, '\n                                        Металлические двери                                    ', 'steeldoor', '2019-08-23 15:32:19', '2019-08-23 15:32:19'),
(353, NULL, 1, '\n                                        Межкомнатные двери                                    ', 'interiordoor', '2019-08-23 15:32:19', '2019-08-23 15:32:19'),
(354, NULL, 1, '\n                                        Окна ПВХ                                    ', 'vynilwindows', '2019-08-23 15:32:19', '2019-08-23 15:32:19'),
(355, NULL, 1, '\n                                        Краскопульты                                    ', 'spraygun', '2019-08-23 15:32:19', '2019-08-23 15:32:19'),
(356, NULL, 1, '\n                                        Гайковерты                                    ', 'wrench', '2019-08-23 15:32:19', '2019-08-23 15:32:19'),
(357, NULL, 1, '\n                                        Пневмошлифмашины                                    ', 'pneumogrinder', '2019-08-23 15:32:19', '2019-08-23 15:32:19'),
(358, NULL, 1, '\n                                        Деревообрабатывающие станки                                    ', 'woodworking', '2019-08-23 15:32:19', '2019-08-23 15:32:19'),
(359, NULL, 1, '\n                                        Металлообрабатывающие станки                                    ', 'metalworking', '2019-08-23 15:32:19', '2019-08-23 15:32:19'),
(360, NULL, 1, '\n                                        Плиткорезные станки                                    ', 'tilecutter?tc_type[0]=tool&tc_type[operation]=union', '2019-08-23 15:32:19', '2019-08-23 15:32:19'),
(361, NULL, 1, '\n                                        Заточные станки (точила)                                    ', 'benchgrinder', '2019-08-23 15:32:19', '2019-08-23 15:32:19'),
(362, NULL, 1, '\n                                        Общестроительные материалы                                    ', 'buildingmaterial', '2019-08-23 15:32:19', '2019-08-23 15:32:19'),
(363, NULL, 1, '\n                                        Штукатурка                                    ', 'plaster', '2019-08-23 15:32:19', '2019-08-23 15:32:19'),
(364, NULL, 1, '\n                                        Клеевые смеси                                    ', 'adhesivemix', '2019-08-23 15:32:19', '2019-08-23 15:32:19'),
(365, NULL, 1, '\n                                        Смеси для полов                                    ', 'floormix', '2019-08-23 15:32:19', '2019-08-23 15:32:19'),
(366, NULL, 1, '\n                                        Шпатлевка                                    ', 'putty', '2019-08-23 15:32:19', '2019-08-23 15:32:19'),
(367, NULL, 1, '\n                                        Грунтовка                                    ', 'primer', '2019-08-23 15:32:19', '2019-08-23 15:32:19'),
(368, NULL, 1, '\n                                        Гипсокартон                                    ', 'drywall', '2019-08-23 15:32:19', '2019-08-23 15:32:19'),
(369, NULL, 1, '\n                                        Стеновые панели                                    ', 'wall_panels', '2019-08-23 15:32:19', '2019-08-23 15:32:19'),
(370, NULL, 1, '\n                                        Керамическая плитка, керамогранит                                    ', 'tile?t_tile%5B0%5D=ceramic&t_tile%5B1%5D=granite&t_tile%5B2%5D=clinker&t_tile%5Boperation%5D=union', '2019-08-23 15:32:19', '2019-08-23 15:32:19'),
(371, NULL, 1, '\n                                        Декоративный камень и кирпич                                    ', 'decorative_stone', '2019-08-23 15:32:19', '2019-08-23 15:32:19'),
(372, NULL, 1, '\n                                        Гибкий камень                                    ', 'decorative_stone?gibkij-kamen', '2019-08-23 15:32:19', '2019-08-23 15:32:19'),
(373, NULL, 1, '\n                                        Краски и эмали                                    ', 'paints', '2019-08-23 15:32:19', '2019-08-23 15:32:19'),
(374, NULL, 1, '\n                                        Лаки, пропитки, антисептики                                    ', 'lacquer', '2019-08-23 15:32:19', '2019-08-23 15:32:19'),
(375, NULL, 1, '\n                                        Кровельные материалы                                    ', 'roof', '2019-08-23 15:32:19', '2019-08-23 15:32:19'),
(376, NULL, 1, '\n                                        Кирпич                                    ', 'bricks', '2019-08-23 15:32:19', '2019-08-23 15:32:19'),
(377, NULL, 1, '\n                                        Цемент                                    ', 'caementum', '2019-08-23 15:32:19', '2019-08-23 15:32:19'),
(378, NULL, 1, '\n                                        Тротуарная плитка                                    ', 'pavers', '2019-08-23 15:32:19', '2019-08-23 15:32:19'),
(379, NULL, 1, '\n                                        Трубный металлопрокат                                    ', 'metal_pipes', '2019-08-23 15:32:19', '2019-08-23 15:32:19'),
(380, NULL, 1, '\n                                        Листовой металлопрокат                                    ', 'sheetmetal', '2019-08-23 15:32:19', '2019-08-23 15:32:19'),
(381, NULL, 1, '\n                                        Арматура                                    ', 'armatura', '2019-08-23 15:32:19', '2019-08-23 15:32:19'),
(382, NULL, 1, '\n                                        Строительные сетки                                    ', 'rabitz', '2019-08-23 15:32:19', '2019-08-23 15:32:19'),
(383, NULL, 1, '\n                                        Плитка для ванных комнат                                    ', 'tile?t_appointment[0]=bathroom&t_appointment[operation]=union', '2019-08-23 15:32:19', '2019-08-23 15:32:19'),
(384, NULL, 1, '\n                                        Мебель для ванных комнат                                    ', 'bath_furniture', '2019-08-23 15:32:19', '2019-08-23 15:32:19'),
(385, NULL, 1, '\n                                        Вытяжные вентиляторы                                    ', 'exhaustfan?ef_useage[0]=bathroom&ef_useage[operation]=union', '2019-08-23 15:32:19', '2019-08-23 15:32:19'),
(386, NULL, 1, '\n                                        Корзины для белья                                    ', 'toystorage?ts_const%5B0%5D=basket&ts_const%5Boperation%5D=union&ts_purpos%5B0%5D=underwear&ts_purpos%5Boperation%5D=union', '2019-08-23 15:32:19', '2019-08-23 15:32:19'),
(387, NULL, 1, '\n                                        Керамическая плитка                                    ', 'tile?t_appointment%5B0%5D=kitchen&t_appointment%5Boperation%5D=union', '2019-08-23 15:32:19', '2019-08-23 15:32:19'),
(388, NULL, 1, '\n                                        Фильтры и системы очистки воды                                    ', 'waterfilter', '2019-08-23 15:32:19', '2019-08-23 15:32:19'),
(389, NULL, 1, '\n                                        Вытяжные вентиляторы                                    ', 'exhaustfan?ef_useage%5B0%5D=bathroom&ef_useage%5Boperation%5D=union', '2019-08-23 15:32:19', '2019-08-23 15:32:19'),
(390, NULL, 1, '\n                                        Гидроаккумуляторы и расширительные баки                                    ', 'hydroaccum', '2019-08-23 15:32:19', '2019-08-23 15:32:19'),
(391, NULL, 1, '\n                                        Офисные кресла и стулья                                    ', 'office_chair?asgmt%5B0%5D=visitor&asgmt%5B1%5D=staff&asgmt%5B2%5D=boss&asgmt%5Boperation%5D=union', '2019-08-23 15:32:19', '2019-08-23 15:32:19'),
(392, NULL, 1, '\n                                        Геймерские кресла                                    ', 'office_chair?asgmt%5B0%5D=game&asgmt%5Boperation%5D=union', '2019-08-23 15:32:19', '2019-08-23 15:32:19'),
(393, NULL, 1, '\n                                        Диваны                                    ', 'divan', '2019-08-23 15:32:19', '2019-08-23 15:32:19'),
(394, NULL, 1, '\n                                        Столы                                    ', 'table', '2019-08-23 15:32:19', '2019-08-23 15:32:19'),
(395, NULL, 1, '\n                                        Стулья для кухни и бара                                    ', 'chair', '2019-08-23 15:32:19', '2019-08-23 15:32:19'),
(396, NULL, 1, '\n                                        Кресла                                    ', 'interior_chair', '2019-08-23 15:32:19', '2019-08-23 15:32:19'),
(397, NULL, 1, '\n                                        Кровати                                    ', 'bed', '2019-08-23 15:32:19', '2019-08-23 15:32:19'),
(398, NULL, 1, '\n                                        Детские кроватки                                    ', 'babycotbed', '2019-08-23 15:32:19', '2019-08-23 15:32:19'),
(399, NULL, 1, '\n                                        Детские столы и парты                                    ', 'kidsdesk', '2019-08-23 15:32:19', '2019-08-23 15:32:19'),
(400, NULL, 1, '\n                                        Детские комоды                                    ', 'babydresser', '2019-08-23 15:32:19', '2019-08-23 15:32:19'),
(401, NULL, 1, '\n                                        Ящики, корзины, органайзеры                                    ', 'toystorage', '2019-08-23 15:32:19', '2019-08-23 15:32:19'),
(402, NULL, 1, '\n                                        Надувная мебель                                    ', 'airbed', '2019-08-23 15:32:19', '2019-08-23 15:32:19'),
(403, NULL, 1, '\n                                        Бескаркасная мебель                                    ', 'beanbag', '2019-08-23 15:32:19', '2019-08-23 15:32:19'),
(404, NULL, 1, '\n                                        Основания для кроватей                                    ', 'orthobase', '2019-08-23 15:32:19', '2019-08-23 15:32:19'),
(405, NULL, 1, '\n                                        Массажеры и массажные кресла                                    ', 'massagechair', '2019-08-23 15:32:19', '2019-08-23 15:32:19'),
(406, NULL, 1, '\n                                        Матрасы                                    ', 'mattress', '2019-08-23 15:32:19', '2019-08-23 15:32:19'),
(407, NULL, 1, '\n                                        Ортопедические подушки                                    ', 'pillow', '2019-08-23 15:32:19', '2019-08-23 15:32:19'),
(408, NULL, 1, '\n                                        Классические подушки для сна                                    ', 'pillows?pil_type%5B0%5D=sleep&pil_type%5Boperation%5D=union&order=price:asc', '2019-08-23 15:32:19', '2019-08-23 15:32:19'),
(409, NULL, 1, '\n                                        Одеяла                                    ', 'pillows?pil_type%5B0%5D=blanket&pil_type%5Boperation%5D=union', '2019-08-23 15:32:19', '2019-08-23 15:32:19'),
(410, NULL, 1, '\n                                        Постельное белье                                    ', 'bedlinen', '2019-08-23 15:32:19', '2019-08-23 15:32:19'),
(411, NULL, 1, '\n                                        Наматрасники                                    ', 'mattresspad', '2019-08-23 15:32:19', '2019-08-23 15:32:19'),
(412, NULL, 1, '\n                                        Электрогрелки, электроодеяла, электропростыни                                    ', 'mobile_heater', '2019-08-23 15:32:19', '2019-08-23 15:32:19'),
(413, NULL, 1, '\n                                        Подушки для беременных                                    ', 'pillows?pil_type%5B0%5D=forpregnantwom&pil_type%5Boperation%5D=union', '2019-08-23 15:32:19', '2019-08-23 15:32:19'),
(414, NULL, 1, '\n                                        Декоративные подушки                                    ', 'pillows?pil_type%5B0%5D=decor&pil_type%5Boperation%5D=union', '2019-08-23 15:32:19', '2019-08-23 15:32:19'),
(415, NULL, 1, '\n                                        Мини-тракторы                                    ', 'minitractor', '2019-08-23 15:32:19', '2019-08-23 15:32:19'),
(416, NULL, 1, '\n                                        Мотоблоки и мотокультиваторы                                    ', 'motoblock', '2019-08-23 15:32:19', '2019-08-23 15:32:19'),
(417, NULL, 1, '\n                                        Навесное оборудование для садовой техники                                    ', 'attachmentgarden', '2019-08-23 15:32:19', '2019-08-23 15:32:19'),
(418, NULL, 1, '\n                                        Двигатели                                    ', 'engine', '2019-08-23 15:32:19', '2019-08-23 15:32:19'),
(419, NULL, 1, '\n                                        Триммеры                                    ', 'trimmers', '2019-08-23 15:32:19', '2019-08-23 15:32:19'),
(420, NULL, 1, '\n                                        Газонокосилки                                    ', 'mowers', '2019-08-23 15:32:19', '2019-08-23 15:32:19'),
(421, NULL, 1, '\n                                        Аэраторы, скарификаторы                                    ', 'mowers?type_mowing%5B0%5D=scarifier&type_mowing%5B1%5D=aerator&type_mowing%5B2%5D=scarifieraera&type_mowing%5Boperation%5D=union', '2019-08-23 15:32:19', '2019-08-23 15:32:19'),
(422, NULL, 1, '\n                                        Цепные пилы                                    ', 'chainsaw', '2019-08-23 15:32:19', '2019-08-23 15:32:19'),
(423, NULL, 1, '\n                                        Дровоколы                                    ', 'logsplitter', '2019-08-23 15:32:19', '2019-08-23 15:32:19'),
(424, NULL, 1, '\n                                        Мойки высокого давления                                    ', 'washers', '2019-08-23 15:32:19', '2019-08-23 15:32:19'),
(425, NULL, 1, '\n                                        Кусторезы и высоторезы                                    ', 'hedgetrimmers', '2019-08-23 15:32:19', '2019-08-23 15:32:19'),
(426, NULL, 1, '\n                                        Садовые измельчители                                    ', 'gardenshredder', '2019-08-23 15:32:19', '2019-08-23 15:32:19'),
(427, NULL, 1, '\n                                        Снегоуборщики                                    ', 'snowblower', '2019-08-23 15:32:19', '2019-08-23 15:32:19'),
(428, NULL, 1, '\n                                        Воздуходувки                                    ', 'leafblower', '2019-08-23 15:32:19', '2019-08-23 15:32:19'),
(429, NULL, 1, '\n                                        Садовый инструмент                                    ', 'gardentool', '2019-08-23 15:32:19', '2019-08-23 15:32:19'),
(430, NULL, 1, '\n                                        Поливочные шланги                                    ', 'garden_hose', '2019-08-23 15:32:19', '2019-08-23 15:32:19'),
(431, NULL, 1, '\n                                        Системы автоматического полива, распылители                                    ', 'watering_system', '2019-08-23 15:32:19', '2019-08-23 15:32:19'),
(432, NULL, 1, '\n                                        Бани, купели                                    ', 'bath', '2019-08-23 15:32:19', '2019-08-23 15:32:19'),
(433, NULL, 1, '\n                                        Беседки                                    ', 'garden_house', '2019-08-23 15:32:19', '2019-08-23 15:32:19'),
(434, NULL, 1, '\n                                        Бассейны                                    ', 'pool', '2019-08-23 15:32:19', '2019-08-23 15:32:19'),
(435, NULL, 1, '\n                                        Мангалы, грили, барбекю                                    ', 'grill', '2019-08-23 15:32:19', '2019-08-23 15:32:19'),
(436, NULL, 1, '\n                                        Принадлежности для барбекю, грилей, мангалов                                    ', 'bbq_accessories', '2019-08-23 15:32:19', '2019-08-23 15:32:19'),
(437, NULL, 1, '\n                                        Банные печи                                    ', 'bathstove', '2019-08-23 15:32:19', '2019-08-23 15:32:19'),
(438, NULL, 1, '\n                                        Детские уличные комплексы и горки                                    ', 'kidwallbars?kwb_type[0]=outdoor&kwb_type[operation]=union', '2019-08-23 15:32:19', '2019-08-23 15:32:19'),
(439, NULL, 1, '\n                                        Садовые качели                                    ', 'gardenswing', '2019-08-23 15:32:19', '2019-08-23 15:32:19'),
(440, NULL, 1, '\n                                        Батуты                                    ', 'trampoline', '2019-08-23 15:32:19', '2019-08-23 15:32:19'),
(441, NULL, 1, '\n                                        Садовая мебель                                    ', 'gardenfurniture', '2019-08-23 15:32:19', '2019-08-23 15:32:19'),
(442, NULL, 1, '\n                                        Гамаки                                    ', 'hammock', '2019-08-23 15:32:19', '2019-08-23 15:32:19'),
(443, NULL, 1, '\n                                        Шатры, тенты                                    ', 'canopy_tents', '2019-08-23 15:32:19', '2019-08-23 15:32:19'),
(444, NULL, 1, '\n                                        Шезлонги                                    ', 'lounger', '2019-08-23 15:32:19', '2019-08-23 15:32:19'),
(445, NULL, 1, '\n                                        Зонты садовые, пляжные                                    ', 'street_umbrella', '2019-08-23 15:32:19', '2019-08-23 15:32:19'),
(446, NULL, 1, '\n                                        Дачные бытовки и хозблоки                                    ', 'garden_cabin', '2019-08-23 15:32:20', '2019-08-23 15:32:20'),
(447, NULL, 1, '\n                                        Уличное освещение                                    ', 'luster?lu_arrangement%5B0%5D=street&lu_arrangement%5Boperation%5D=union', '2019-08-23 15:32:20', '2019-08-23 15:32:20'),
(448, NULL, 1, '\n                                        Уличные сушки для белья                                    ', 'linendryer?dr_mounting[0]=ground&dr_mounting[operation]=union', '2019-08-23 15:32:20', '2019-08-23 15:32:20'),
(449, NULL, 1, '\n                                        Летние души                                    ', 'summer_shower', '2019-08-23 15:32:20', '2019-08-23 15:32:20'),
(450, NULL, 1, '\n                                        Дачные туалеты                                    ', 'outdoor_toilet', '2019-08-23 15:32:20', '2019-08-23 15:32:20'),
(451, NULL, 1, '\n                                        Средства для биотуалетов, выгребных ям                                    ', 'wc_liquid', '2019-08-23 15:32:20', '2019-08-23 15:32:20'),
(452, NULL, 1, '\n                                        Клинкерная плитка                                    ', 'tile?t_tile%5B0%5D=clinker&t_tile%5Boperation%5D=union', '2019-08-23 15:32:20', '2019-08-23 15:32:20'),
(453, NULL, 1, '\n                                        Кашпо, горшки для растений                                    ', 'flowerpot', '2019-08-23 15:32:20', '2019-08-23 15:32:20'),
(454, NULL, 1, '\n                                        Сетка-рабица                                    ', 'rabitz?mfr[0]=setkarabitza', '2019-08-23 15:32:20', '2019-08-23 15:32:20'),
(455, NULL, 1, '\n                                        Интерьерные часы                                    ', 'interior_clock', '2019-08-23 15:32:20', '2019-08-23 15:32:20'),
(456, NULL, 1, '\n                                        Ночники                                    ', 'luster?lu_type%5B0%5D=nightlight&lu_type%5Boperation%5D=union', '2019-08-23 15:32:20', '2019-08-23 15:32:20'),
(457, NULL, 1, '\n                                        Торшеры                                    ', 'luster?lu_type%5B0%5D=floorlamp&lu_type%5Boperation%5D=union', '2019-08-23 15:32:20', '2019-08-23 15:32:20'),
(458, NULL, 1, '\n                                        Комнатные растения, флорариумы                                    ', 'houseplant', '2019-08-23 15:32:20', '2019-08-23 15:32:20'),
(459, NULL, 1, '\n                                        Настольные лампы                                    ', 'luster?lu_type%5B0%5D=light&lu_type%5Boperation%5D=union&lu_arrangement%5B0%5D=table&lu_arrangement%5Boperation%5D=union', '2019-08-23 15:32:20', '2019-08-23 15:32:20'),
(460, NULL, 1, '\n                                        Видеодомофоны                                    ', 'videodoorphone', '2019-08-23 15:32:20', '2019-08-23 15:32:20'),
(461, NULL, 1, '\n                                        Камеры CCTV                                    ', 'cctvcamera', '2019-08-23 15:32:20', '2019-08-23 15:32:20'),
(462, NULL, 1, '\n                                        Видеорегистраторы                                    ', 'dvr', '2019-08-23 15:32:20', '2019-08-23 15:32:20'),
(463, NULL, 1, '\n                                        Огнетушители                                    ', 'extinguisher', '2019-08-23 15:32:20', '2019-08-23 15:32:20'),
(464, NULL, 1, '\n                                        Умный дом                                    ', 'smart_home', '2019-08-23 15:32:20', '2019-08-23 15:32:20'),
(465, NULL, 1, '\n                                        Сковороды                                    ', 'pan', '2019-08-23 15:32:20', '2019-08-23 15:32:20'),
(466, NULL, 1, '\n                                        Сотейники                                    ', 'pan?p_type[0]=saucepan&p_type[operation]=union', '2019-08-23 15:32:20', '2019-08-23 15:32:20'),
(467, NULL, 1, '\n                                        Кастрюли                                    ', 'saucepan', '2019-08-23 15:32:20', '2019-08-23 15:32:20'),
(468, NULL, 1, '\n                                        Крышки для посуды                                    ', 'lids', '2019-08-23 15:32:20', '2019-08-23 15:32:20'),
(469, NULL, 1, '\n                                        Сервизы и наборы столовой посуды                                    ', 'dishset', '2019-08-23 15:32:20', '2019-08-23 15:32:20'),
(470, NULL, 1, '\n                                        Столовые приборы                                    ', 'cutlery', '2019-08-23 15:32:20', '2019-08-23 15:32:20'),
(471, NULL, 1, '\n                                        Кухонные ножи и ножницы                                    ', 'kitchen_knife', '2019-08-23 15:32:20', '2019-08-23 15:32:20'),
(472, NULL, 1, '\n                                        Формы для выпечки, противни                                    ', 'breadpan', '2019-08-23 15:32:20', '2019-08-23 15:32:20'),
(473, NULL, 1, '\n                                        Аксессуары для бара                                    ', 'bar_accessories', '2019-08-23 15:32:20', '2019-08-23 15:32:20'),
(474, NULL, 1, '\n                                        Термосы, термокружки                                    ', 'thermosbottle', '2019-08-23 15:32:20', '2019-08-23 15:32:20'),
(475, NULL, 1, '\n                                        Питьевая вода                                    ', 'water', '2019-08-23 15:32:20', '2019-08-23 15:32:20'),
(476, NULL, 1, '\n                                        Цветы, букеты                                    ', 'flowersbouquets', '2019-08-23 15:32:20', '2019-08-23 15:32:20'),
(477, NULL, 1, '\n                                        Мягкие игрушки                                    ', 'stuffedtoys', '2019-08-23 15:32:20', '2019-08-23 15:32:20'),
(478, NULL, 1, '\n                                        Елки                                    ', 'tree', '2019-08-23 15:32:20', '2019-08-23 15:32:20'),
(479, NULL, 1, '\n                                        Электрические гирлянды                                    ', 'xmaslights', '2019-08-23 15:32:20', '2019-08-23 15:32:20'),
(480, NULL, 1, '\n                                        Световые деревья, фигуры                                    ', 'xmaslights?xl_type[0]=2d&xl_type[1]=tree&xl_type[2]=3d&xl_type[operation]=union', '2019-08-23 15:32:20', '2019-08-23 15:32:20'),
(481, NULL, 1, '\n                                        Елочные игрушки, украшения                                    ', 'christmasdecor', '2019-08-23 15:32:20', '2019-08-23 15:32:20'),
(482, NULL, 1, '\n                                        Корма для собак                                    ', 'foodfordog', '2019-08-23 15:32:20', '2019-08-23 15:32:20'),
(483, NULL, 1, '\n                                        Корма для кошек                                    ', 'catfood', '2019-08-23 15:32:20', '2019-08-23 15:32:20'),
(484, NULL, 1, '\n                                        Туалеты, наполнители, подгузники для животных                                    ', 'catlitter', '2019-08-23 15:32:20', '2019-08-23 15:32:20'),
(485, NULL, 1, '\n                                        Миски, поилки, кормушки для животных                                    ', 'animal_plate', '2019-08-23 15:32:20', '2019-08-23 15:32:20'),
(486, NULL, 1, '\n                                        Сумки, переноски для животных                                    ', 'pet_carrier', '2019-08-23 15:32:20', '2019-08-23 15:32:20'),
(487, NULL, 1, '\n                                        Лежанки, домики, когтеточки для кошек и собак                                    ', 'pet_house', '2019-08-23 15:32:20', '2019-08-23 15:32:20'),
(488, NULL, 1, '\n                                        Теплицы и парники                                    ', 'greenhouse', '2019-08-23 15:32:20', '2019-08-23 15:32:20'),
(489, NULL, 1, '\n                                        Поликарбонат для теплиц                                    ', 'polycarbonate', '2019-08-23 15:32:20', '2019-08-23 15:32:20'),
(490, NULL, 1, '\n                                        Укрывной материал                                    ', 'coveringmaterial', '2019-08-23 15:32:20', '2019-08-23 15:32:20'),
(491, NULL, 1, '\n                                        Семена трав, газон                                    ', 'lawn', '2019-08-23 15:32:20', '2019-08-23 15:32:20'),
(492, NULL, 1, '\n                                        Грунты для растений                                    ', 'soilforplants', '2019-08-23 15:32:20', '2019-08-23 15:32:20'),
(493, NULL, 1, '\n                                        Удобрения                                    ', 'fertilizer', '2019-08-23 15:32:20', '2019-08-23 15:32:20'),
(494, NULL, 1, '\n                                        Саженцы деревьев и кустарников                                    ', 'shrubtree', '2019-08-23 15:32:20', '2019-08-23 15:32:20'),
(495, NULL, 1, '\n                                        Семена цветов                                    ', 'flowersseed', '2019-08-23 15:32:20', '2019-08-23 15:32:20'),
(496, NULL, 1, '\n                                        Семена овощей, зелени и ягод                                    ', 'vegetableseed', '2019-08-23 15:32:20', '2019-08-23 15:32:20'),
(497, NULL, 1, '\n                                        Шины                                    ', 'tires', '2019-08-23 15:32:20', '2019-08-23 15:32:20'),
(498, NULL, 1, '\n                                        Моторные масла                                    ', 'motor_oil', '2019-08-23 15:32:20', '2019-08-23 15:32:20'),
(499, NULL, 1, '\n                                        Аккумуляторы                                    ', 'carbattery', '2019-08-23 15:32:20', '2019-08-23 15:32:20'),
(500, NULL, 1, '\n                                        Диски                                    ', 'wheel', '2019-08-23 15:32:20', '2019-08-23 15:32:20'),
(501, NULL, 1, '\n                                        Трансмиссионные масла                                    ', 'gearoil', '2019-08-23 15:32:20', '2019-08-23 15:32:20'),
(502, NULL, 1, '\n                                        Лампы                                    ', 'autolamps', '2019-08-23 15:32:20', '2019-08-23 15:32:20'),
(503, NULL, 1, '\n                                        Охлаждающие жидкости                                    ', 'antifreeze', '2019-08-23 15:32:20', '2019-08-23 15:32:20'),
(504, NULL, 1, '\n                                        Присадки                                    ', 'additive4fuel', '2019-08-23 15:32:20', '2019-08-23 15:32:20'),
(505, NULL, 1, '\n                                        Стеклоомывающие жидкости                                    ', 'washerfluid', '2019-08-23 15:32:20', '2019-08-23 15:32:20'),
(506, NULL, 1, '\n                                        Тормозные жидкости                                    ', 'brakefluid', '2019-08-23 15:32:20', '2019-08-23 15:32:20'),
(507, NULL, 1, '\n                                        Ксенон                                    ', 'xenon', '2019-08-23 15:32:20', '2019-08-23 15:32:20'),
(508, NULL, 1, '\n                                        Мотоциклетные аккумуляторы                                    ', 'motobatteries', '2019-08-23 15:32:20', '2019-08-23 15:32:20'),
(509, NULL, 1, '\n                                        Подогреватели топливной системы                                    ', 'dieselfuelheater', '2019-08-23 15:32:20', '2019-08-23 15:32:20'),
(510, NULL, 1, '\n                                        Видеорегистраторы                                    ', 'videoregistrator', '2019-08-23 15:32:20', '2019-08-23 15:32:20'),
(511, NULL, 1, '\n                                        Магнитолы и головные системы                                    ', 'caraudio', '2019-08-23 15:32:20', '2019-08-23 15:32:20'),
(512, NULL, 1, '\n                                        Акустика                                    ', 'carspeakers', '2019-08-23 15:32:20', '2019-08-23 15:32:20'),
(513, NULL, 1, '\n                                        Радар-детекторы                                    ', 'radar', '2019-08-23 15:32:20', '2019-08-23 15:32:20'),
(514, NULL, 1, '\n                                        GPS-навигаторы                                    ', 'gps', '2019-08-23 15:32:20', '2019-08-23 15:32:20'),
(515, NULL, 1, '\n                                        Сигнализация                                    ', 'caralarm', '2019-08-23 15:32:20', '2019-08-23 15:32:20'),
(516, NULL, 1, '\n                                        Усилители                                    ', 'caramps', '2019-08-23 15:32:20', '2019-08-23 15:32:20'),
(517, NULL, 1, '\n                                        Радиостанции CB                                    ', 'car_radio', '2019-08-23 15:32:20', '2019-08-23 15:32:20'),
(518, NULL, 1, '\n                                        Громкая связь                                    ', 'carkit', '2019-08-23 15:32:20', '2019-08-23 15:32:20'),
(519, NULL, 1, '\n                                        FM-модуляторы                                    ', 'fmmodulators', '2019-08-23 15:32:20', '2019-08-23 15:32:20'),
(520, NULL, 1, '\n                                        Автомобильные инверторы                                    ', 'car_inverter', '2019-08-23 15:32:20', '2019-08-23 15:32:20'),
(521, NULL, 1, '\n                                        Парковочные радары                                    ', 'parkingradar', '2019-08-23 15:32:20', '2019-08-23 15:32:20'),
(522, NULL, 1, '\n                                        GPS-трекеры                                    ', 'gps_tracker', '2019-08-23 15:32:20', '2019-08-23 15:32:20'),
(523, NULL, 1, '\n                                        Автомобильные антенны                                    ', 'antenforradio', '2019-08-23 15:32:20', '2019-08-23 15:32:20'),
(524, NULL, 1, '\n                                        Автомобильные видеоплееры и DVD                                    ', 'portabletvdvd', '2019-08-23 15:32:20', '2019-08-23 15:32:20'),
(525, NULL, 1, '\n                                        Динамометрические ключи и отвертки                                    ', 'torque_wrenches', '2019-08-23 15:32:20', '2019-08-23 15:32:20'),
(526, NULL, 1, '\n                                        Домкраты                                    ', 'carjack', '2019-08-23 15:32:20', '2019-08-23 15:32:20'),
(527, NULL, 1, '\n                                        Подъемники                                    ', 'carlift', '2019-08-23 15:32:20', '2019-08-23 15:32:20'),
(528, NULL, 1, '\n                                        Пускозарядные устройства                                    ', 'start_charge', '2019-08-23 15:32:20', '2019-08-23 15:32:20'),
(529, NULL, 1, '\n                                        Автохолодильники, термобоксы, термосумки                                    ', 'arrefrigerator', '2019-08-23 15:32:20', '2019-08-23 15:32:20'),
(530, NULL, 1, '\n                                        Автомобильные компрессоры                                    ', 'compressor_auto', '2019-08-23 15:32:20', '2019-08-23 15:32:20'),
(531, NULL, 1, '\n                                        Алкотестеры                                    ', 'breathalyzer', '2019-08-23 15:32:20', '2019-08-23 15:32:20'),
(532, NULL, 1, '\n                                        Велобагажники                                    ', 'bicyclerack', '2019-08-23 15:32:20', '2019-08-23 15:32:20'),
(533, NULL, 1, '\n                                        Автомобильные пылесосы                                    ', 'car_vacuum_clean', '2019-08-23 15:32:20', '2019-08-23 15:32:20'),
(534, NULL, 1, '\n                                        Багажники на крышу                                    ', 'car_racks', '2019-08-23 15:32:20', '2019-08-23 15:32:20'),
(535, NULL, 1, '\n                                        Электрические зарядные станции                                    ', 'charging_station', '2019-08-23 15:32:20', '2019-08-23 15:32:20'),
(536, NULL, 1, '\n                                        Легковые автомобили                                    ', 'car', '2019-08-23 15:32:20', '2019-08-23 15:32:20'),
(537, NULL, 1, '\n                                        Мотоциклы                                    ', 'motorcycle', '2019-08-23 15:32:20', '2019-08-23 15:32:20'),
(538, NULL, 1, '\n                                        Электроскутеры                                    ', 'electric_scooter?ks_type%5B0%5D=scooter&ks_type%5Boperation%5D=union', '2019-08-23 15:32:20', '2019-08-23 15:32:20'),
(539, NULL, 1, '\n                                        Скутеры и мопеды                                    ', 'scooter', '2019-08-23 15:32:20', '2019-08-23 15:32:20'),
(540, NULL, 1, '\n                                        Квадроциклы                                    ', 'quad', '2019-08-23 15:32:20', '2019-08-23 15:32:20'),
(541, NULL, 1, '\n                                        Мотошлемы                                    ', 'motohelmet', '2019-08-23 15:32:20', '2019-08-23 15:32:20'),
(542, NULL, 1, '\n                                        Мотоциклетные шины                                    ', 'moto_tires', '2019-08-23 15:32:20', '2019-08-23 15:32:20'),
(543, NULL, 1, '\n                                        Велосипеды                                    ', 'bike', '2019-08-23 15:32:20', '2019-08-23 15:32:20'),
(544, NULL, 1, '\n                                        Детские велосипеды                                    ', 'kidsbike', '2019-08-23 15:32:20', '2019-08-23 15:32:20'),
(545, NULL, 1, '\n                                        Велопокрышки, велокамеры                                    ', 'bicycle_tires', '2019-08-23 15:32:20', '2019-08-23 15:32:20'),
(546, NULL, 1, '\n                                        Велошлемы                                    ', 'bikehelmet?bh_sport%5B0%5D=type1&bh_sport%5Boperation%5D=union', '2019-08-23 15:32:20', '2019-08-23 15:32:20'),
(547, NULL, 1, '\n                                        Велокомпьютеры                                    ', 'bikecomp', '2019-08-23 15:32:20', '2019-08-23 15:32:20');
INSERT INTO `categories` (`id`, `parent_id`, `order`, `name`, `slug`, `created_at`, `updated_at`) VALUES
(548, NULL, 1, '\n                                        Велозамки                                    ', 'bikelock', '2019-08-23 15:32:20', '2019-08-23 15:32:20'),
(549, NULL, 1, '\n                                        Детские велокресла                                    ', 'bikeseat', '2019-08-23 15:32:20', '2019-08-23 15:32:20'),
(550, NULL, 1, '\n                                        Детские велоприцепы                                    ', 'pram?pramconstruct%5B0%5D=trailer&pramconstruct%5Boperation%5D=union', '2019-08-23 15:32:20', '2019-08-23 15:32:20'),
(551, NULL, 1, '\n                                        Роликовые коньки                                    ', 'rollerskates', '2019-08-23 15:32:20', '2019-08-23 15:32:20'),
(552, NULL, 1, '\n                                        Скейтборды                                    ', 'skateboard', '2019-08-23 15:32:20', '2019-08-23 15:32:20'),
(553, NULL, 1, '\n                                        Самокаты                                    ', 'kickscooter', '2019-08-23 15:32:20', '2019-08-23 15:32:20'),
(554, NULL, 1, '\n                                        Спортивная защита                                    ', 'sportsprotection', '2019-08-23 15:32:20', '2019-08-23 15:32:20'),
(555, NULL, 1, '\n                                        Электросамокаты и электроскутеры                                    ', 'electric_scooter', '2019-08-23 15:32:20', '2019-08-23 15:32:20'),
(556, NULL, 1, '\n                                        Электровелосипеды                                    ', 'electrobike', '2019-08-23 15:32:20', '2019-08-23 15:32:20'),
(557, NULL, 1, '\n                                        Наручные часы                                    ', 'watch', '2019-08-23 15:32:20', '2019-08-23 15:32:20'),
(558, NULL, 1, '\n                                        Кроссовки и кеды                                    ', 'sneakers', '2019-08-23 15:32:20', '2019-08-23 15:32:20'),
(559, NULL, 1, '\n                                        Рюкзаки                                    ', 'backpack', '2019-08-23 15:32:20', '2019-08-23 15:32:20'),
(560, NULL, 1, '\n                                        Чемоданы и дорожные сумки                                    ', 'suitcase', '2019-08-23 15:32:20', '2019-08-23 15:32:20'),
(561, NULL, 1, '\n                                        Ботинки                                    ', 'boots', '2019-08-23 15:32:20', '2019-08-23 15:32:20'),
(562, NULL, 1, '\n                                        Кошельки                                    ', 'wallet', '2019-08-23 15:32:20', '2019-08-23 15:32:20'),
(563, NULL, 1, '\n                                        Визитницы                                    ', 'wallet?wallet_type%5B0%5D=card_holder&wallet_type%5Boperation%5D=union', '2019-08-23 15:32:20', '2019-08-23 15:32:20'),
(564, NULL, 1, '\n                                        Зажигалки                                    ', 'cigarettelighter', '2019-08-23 15:32:20', '2019-08-23 15:32:20'),
(565, NULL, 1, '\n                                        Парфюмерия                                    ', 'parfume', '2019-08-23 15:32:20', '2019-08-23 15:32:20'),
(566, NULL, 1, '\n                                        Декоративная косметика для лица                                    ', 'face_makeup', '2019-08-23 15:32:20', '2019-08-23 15:32:20'),
(567, NULL, 1, '\n                                        Декоративная косметика для глаз                                    ', 'eye_makeup', '2019-08-23 15:32:20', '2019-08-23 15:32:20'),
(568, NULL, 1, '\n                                        Декоративная косметика для губ                                    ', 'lip_makeup', '2019-08-23 15:32:20', '2019-08-23 15:32:20'),
(569, NULL, 1, '\n                                        Средства по уходу за ногтями                                    ', 'nailcare', '2019-08-23 15:32:20', '2019-08-23 15:32:20'),
(570, NULL, 1, '\n                                        Уход за лицом                                    ', 'facial_cosmetics', '2019-08-23 15:32:20', '2019-08-23 15:32:20'),
(571, NULL, 1, '\n                                        Уход за волосами                                    ', 'haircare', '2019-08-23 15:32:20', '2019-08-23 15:32:20'),
(572, NULL, 1, '\n                                        Уход за телом                                    ', 'body_care', '2019-08-23 15:32:20', '2019-08-23 15:32:20'),
(573, NULL, 1, '\n                                        Средства для укладки волос                                    ', 'hair_styling', '2019-08-23 15:32:20', '2019-08-23 15:32:20'),
(574, NULL, 1, '\n                                        Средства для окрашивания волос                                    ', 'hair_color', '2019-08-23 15:32:20', '2019-08-23 15:32:20'),
(575, NULL, 1, '\n                                        Аксессуары для косметики                                    ', 'cosmetics_access', '2019-08-23 15:32:20', '2019-08-23 15:32:20'),
(576, NULL, 1, '\n                                        Косметические зеркала                                    ', 'cosmetic_mirror', '2019-08-23 15:32:20', '2019-08-23 15:32:20'),
(577, NULL, 1, '\n                                        Фитнес-браслеты и часы                                    ', 'smartwatch?sw_type[0]=bracelet&sw_type[operation]=union', '2019-08-23 15:32:20', '2019-08-23 15:32:20'),
(578, NULL, 1, '\n                                        Приборы для физиотерапии                                    ', 'physical_therapy', '2019-08-23 15:32:20', '2019-08-23 15:32:20'),
(579, NULL, 1, '\n                                        Нитратомеры, дозиметры, экотестеры                                    ', 'nitrate', '2019-08-23 15:32:20', '2019-08-23 15:32:20'),
(580, NULL, 1, '\n                                        Массажные мячи                                    ', 'ball?ball_type%5B0%5D=massaging&ball_type%5Boperation%5D=union', '2019-08-23 15:32:20', '2019-08-23 15:32:20'),
(581, NULL, 1, '\n                                        Приборы для ухода за кожей                                    ', 'skin_care_app', '2019-08-23 15:32:20', '2019-08-23 15:32:20'),
(582, NULL, 1, '\n                                        Фиджет спиннеры                                    ', 'fidget_spinner', '2019-08-23 15:32:20', '2019-08-23 15:32:20'),
(583, NULL, 1, '\n                                        Конструкторы                                    ', 'buildingkit', '2019-08-23 15:32:20', '2019-08-23 15:32:20'),
(584, NULL, 1, '\n                                        Сборные модели                                    ', 'scale_model', '2019-08-23 15:32:20', '2019-08-23 15:32:20'),
(585, NULL, 1, '\n                                        Экшен-фигурки                                    ', 'doll?do_type%5B0%5D=actionfigure&do_type%5Boperation%5D=union', '2019-08-23 15:32:20', '2019-08-23 15:32:20'),
(586, NULL, 1, '\n                                        Настольные игры                                    ', 'boardgame', '2019-08-23 15:32:20', '2019-08-23 15:32:20'),
(587, NULL, 1, '\n                                        Логические игры, головоломки                                    ', 'logic_puzzles', '2019-08-23 15:32:20', '2019-08-23 15:32:20'),
(588, NULL, 1, '\n                                        Радиоуправляемые авиамодели                                    ', 'radiocontrolair', '2019-08-23 15:32:20', '2019-08-23 15:32:20'),
(589, NULL, 1, '\n                                        Радиоуправляемые автомодели                                    ', 'radioautomodel', '2019-08-23 15:32:20', '2019-08-23 15:32:20'),
(590, NULL, 1, '\n                                        Радиоуправляемые судомодели                                    ', 'radiomodelwater', '2019-08-23 15:32:20', '2019-08-23 15:32:20'),
(591, NULL, 1, '\n                                        Палатки                                    ', 'tents', '2019-08-23 15:32:20', '2019-08-23 15:32:20'),
(592, NULL, 1, '\n                                        Туристические рюкзаки                                    ', 'backpack?bap_type[0]=tourist&bap_type[operation]=union', '2019-08-23 15:32:20', '2019-08-23 15:32:20'),
(593, NULL, 1, '\n                                        Кемпинговая мебель                                    ', 'camp_furniture', '2019-08-23 15:32:20', '2019-08-23 15:32:20'),
(594, NULL, 1, '\n                                        Спальные мешки                                    ', 'sleepingbag', '2019-08-23 15:32:20', '2019-08-23 15:32:20'),
(595, NULL, 1, '\n                                        Туристические коврики                                    ', 'travel_mat', '2019-08-23 15:32:20', '2019-08-23 15:32:20'),
(596, NULL, 1, '\n                                        Фонари                                    ', 'lights', '2019-08-23 15:32:20', '2019-08-23 15:32:20'),
(597, NULL, 1, '\n                                        Туристические ножи                                    ', 'foldingknives', '2019-08-23 15:32:20', '2019-08-23 15:32:20'),
(598, NULL, 1, '\n                                        Туристические горелки и плиты                                    ', 'gascylinder', '2019-08-23 15:32:20', '2019-08-23 15:32:20'),
(599, NULL, 1, '\n                                        Радиоприемники                                    ', 'radio?pow_porta%5B0%5D=acc&pow_porta%5B1%5D=bat&pow_porta%5Boperation%5D=union', '2019-08-23 15:32:20', '2019-08-23 15:32:20'),
(600, NULL, 1, '\n                                        Туристические навигаторы                                    ', 'travelgps', '2019-08-23 15:32:20', '2019-08-23 15:32:20'),
(601, NULL, 1, '\n                                        Надувные лодки                                    ', 'inflatableboat', '2019-08-23 15:32:20', '2019-08-23 15:32:20'),
(602, NULL, 1, '\n                                        Лодочные моторы                                    ', 'outboardmotors', '2019-08-23 15:32:20', '2019-08-23 15:32:20'),
(603, NULL, 1, '\n                                        Эхолоты                                    ', 'sounder', '2019-08-23 15:32:20', '2019-08-23 15:32:20'),
(604, NULL, 1, '\n                                        Удочки, спиннинги                                    ', 'rod', '2019-08-23 15:32:20', '2019-08-23 15:32:20'),
(605, NULL, 1, '\n                                        Рыболовные катушки                                    ', 'coil', '2019-08-23 15:32:20', '2019-08-23 15:32:20'),
(606, NULL, 1, '\n                                        Ледобуры                                    ', 'icescrew', '2019-08-23 15:32:20', '2019-08-23 15:32:20'),
(607, NULL, 1, '\n                                        Масла для лодочных моторов                                    ', 'twostrokeoil', '2019-08-23 15:32:20', '2019-08-23 15:32:20'),
(608, NULL, 1, '\n                                        Гидрокостюмы                                    ', 'wetsuits', '2019-08-23 15:32:20', '2019-08-23 15:32:20'),
(609, NULL, 1, '\n                                        Одежда для охоты, рыбалки                                    ', 'hunter_clothes', '2019-08-23 15:32:20', '2019-08-23 15:32:20'),
(610, NULL, 1, '\n                                        Силовые тренажеры                                    ', 'strengthtrain', '2019-08-23 15:32:20', '2019-08-23 15:32:20'),
(611, NULL, 1, '\n                                        Велотренажеры                                    ', 'velosimulator', '2019-08-23 15:32:20', '2019-08-23 15:32:20'),
(612, NULL, 1, '\n                                        Беговые дорожки                                    ', 'treadmills', '2019-08-23 15:32:20', '2019-08-23 15:32:20'),
(613, NULL, 1, '\n                                        Эллиптические тренажеры                                    ', 'ellipsoids', '2019-08-23 15:32:20', '2019-08-23 15:32:20'),
(614, NULL, 1, '\n                                        Гребные тренажеры                                    ', 'rowingmachines', '2019-08-23 15:32:20', '2019-08-23 15:32:20'),
(615, NULL, 1, '\n                                        Степперы                                    ', 'stepper', '2019-08-23 15:32:20', '2019-08-23 15:32:20'),
(616, NULL, 1, '\n                                        Гантели, штанги, гири                                    ', 'freeweights', '2019-08-23 15:32:20', '2019-08-23 15:32:20'),
(617, NULL, 1, '\n                                        Палки для скандинавской ходьбы                                    ', 'nordic_walking', '2019-08-23 15:32:20', '2019-08-23 15:32:20'),
(618, NULL, 1, '\n                                        Груши, мешки, манекены для бокса и единоборств                                    ', 'punching_bags', '2019-08-23 15:32:20', '2019-08-23 15:32:20'),
(619, NULL, 1, '\n                                        Перчатки для бокса и единоборств                                    ', 'glovesmartialart', '2019-08-23 15:32:20', '2019-08-23 15:32:20'),
(620, NULL, 1, '\n                                        Шведские стенки                                    ', 'kidwallbars?kwb_wallbars=1', '2019-08-23 15:32:20', '2019-08-23 15:32:20'),
(621, NULL, 1, '\n                                        Гимнастические мячи                                    ', 'ball?ball_type[0]=gymnastic&ball_type[operation]=union', '2019-08-23 15:32:20', '2019-08-23 15:32:20'),
(622, NULL, 1, '\n                                        Коврики для йоги и фитнеса                                    ', 'yoga_mat', '2019-08-23 15:32:20', '2019-08-23 15:32:20'),
(623, NULL, 1, '\n                                        Протеин                                    ', 'protein', '2019-08-23 15:32:20', '2019-08-23 15:32:20'),
(624, NULL, 1, '\n                                        Спортивные мячи                                    ', 'ball', '2019-08-23 15:32:20', '2019-08-23 15:32:20'),
(625, NULL, 1, '\n                                        Теннисные столы                                    ', 'tabletennis', '2019-08-23 15:32:20', '2019-08-23 15:32:20'),
(626, NULL, 1, '\n                                        Теннисные ракетки                                    ', 'racktabletennis', '2019-08-23 15:32:20', '2019-08-23 15:32:20'),
(627, NULL, 1, '\n                                        Бильярдные столы                                    ', 'billiardtable', '2019-08-23 15:32:20', '2019-08-23 15:32:20'),
(628, NULL, 1, '\n                                        Аэрохоккей, настольный футбол, мини-бильярд                                    ', 'airhockey', '2019-08-23 15:32:20', '2019-08-23 15:32:20'),
(629, NULL, 1, '\n                                        Шахматы, шашки, нарды                                    ', 'chess', '2019-08-23 15:32:20', '2019-08-23 15:32:20'),
(630, NULL, 1, '\n                                        Спортивная обувь                                    ', 'sneakers?sn_designation[0]=sport&sn_designation[operation]=union', '2019-08-23 15:32:20', '2019-08-23 15:32:20'),
(631, NULL, 1, '\n                                        Санки                                    ', 'sled', '2019-08-23 15:32:20', '2019-08-23 15:32:20'),
(632, NULL, 1, '\n                                        Коньки                                    ', 'skates', '2019-08-23 15:32:20', '2019-08-23 15:32:20'),
(633, NULL, 1, '\n                                        Лыжи                                    ', 'skis', '2019-08-23 15:32:20', '2019-08-23 15:32:20'),
(634, NULL, 1, '\n                                        Хоккейные клюшки                                    ', 'hockeystick', '2019-08-23 15:32:20', '2019-08-23 15:32:20'),
(635, NULL, 1, '\n                                        Защита                                    ', 'sportsprotection?spp_useage%5B0%5D=hockey&spp_useage%5B1%5D=skate2&spp_useage%5Boperation%5D=union', '2019-08-23 15:32:20', '2019-08-23 15:32:20'),
(636, NULL, 1, '\n                                        Сноуборды                                    ', 'snowboard', '2019-08-23 15:32:20', '2019-08-23 15:32:20'),
(637, NULL, 1, '\n                                        Лыжные маски                                    ', 'skigoggles', '2019-08-23 15:32:20', '2019-08-23 15:32:20'),
(638, NULL, 1, '\n                                        Коляски                                    ', 'pram', '2019-08-23 15:32:20', '2019-08-23 15:32:20'),
(639, NULL, 1, '\n                                        Автокресла                                    ', 'childcarseat', '2019-08-23 15:32:20', '2019-08-23 15:32:20'),
(640, NULL, 1, '\n                                        Рюкзаки-переноски (кенгуру)                                    ', 'babycarrier', '2019-08-23 15:32:20', '2019-08-23 15:32:20'),
(641, NULL, 1, '\n                                        Детские велосипеды-каталки                                    ', 'kidsbike?kb_seat[0]=withbackrest&kb_seat[1]=withadjbackrest&kb_seat[operation]=union', '2019-08-23 15:32:20', '2019-08-23 15:32:20'),
(642, NULL, 1, '\n                                        Трехколесные велосипеды                                    ', 'kidsbike?num_wheels[0]=3&num_wheels[operation]=union&kb_seat[0]=simple&kb_seat[operation]=union', '2019-08-23 15:32:20', '2019-08-23 15:32:20'),
(643, NULL, 1, '\n                                        Беговелы                                    ', 'balancebike', '2019-08-23 15:32:20', '2019-08-23 15:32:20'),
(644, NULL, 1, '\n                                        Ходунки, прыгунки                                    ', 'babywalker', '2019-08-23 15:32:20', '2019-08-23 15:32:20'),
(645, NULL, 1, '\n                                        Электромобили                                    ', 'electricrideon', '2019-08-23 15:32:20', '2019-08-23 15:32:20'),
(646, NULL, 1, '\n                                        Каталки, педальные машинки                                    ', 'rideon', '2019-08-23 15:32:20', '2019-08-23 15:32:20'),
(647, NULL, 1, '\n                                        Стульчики для кормления                                    ', 'highchair', '2019-08-23 15:32:20', '2019-08-23 15:32:20'),
(648, NULL, 1, '\n                                        Манежи                                    ', 'playpen', '2019-08-23 15:32:20', '2019-08-23 15:32:20'),
(649, NULL, 1, '\n                                        Детские кровати                                    ', 'bed?b_child=1', '2019-08-23 15:32:20', '2019-08-23 15:32:20'),
(650, NULL, 1, '\n                                        Комоды для игрушек                                    ', 'toystorage?ts_const%5B0%5D=chest&ts_const%5Boperation%5D=union&ts_purpos%5B0%5D=chlroom&ts_purpos%5Boperation%5D=union', '2019-08-23 15:32:20', '2019-08-23 15:32:20'),
(651, NULL, 1, '\n                                        Детские шезлонги и качалки                                    ', 'babyswing', '2019-08-23 15:32:20', '2019-08-23 15:32:20'),
(652, NULL, 1, '\n                                        Развивающие коврики                                    ', 'playmats', '2019-08-23 15:32:20', '2019-08-23 15:32:20'),
(653, NULL, 1, '\n                                        Маркерные и меловые доски                                    ', 'officeboard', '2019-08-23 15:32:20', '2019-08-23 15:32:20'),
(654, NULL, 1, '\n                                        Детское постельное белье                                    ', 'bedlinen?bed_type%5B0%5D=kids&bed_type%5Boperation%5D=union', '2019-08-23 15:32:20', '2019-08-23 15:32:20'),
(655, NULL, 1, '\n                                        Подушки                                    ', 'pillows?pil_type%5B0%5D=sleep&pil_type%5Boperation%5D=union&pil_size%5B0%5D=48x48&pil_size%5B1%5D=50x50&pil_size%5B2%5D=40x40&pil_size%5B3%5D=38x38&pil_size%5B4%5D=35x45&pil_size%5Boperation%5D=union', '2019-08-23 15:32:20', '2019-08-23 15:32:20'),
(656, NULL, 1, '\n                                        Детские матрасы                                    ', 'mattress?mtr_kid=1', '2019-08-23 15:32:20', '2019-08-23 15:32:20'),
(657, NULL, 1, '\n                                        Радионяни и видеоняни                                    ', 'babymonitor', '2019-08-23 15:32:20', '2019-08-23 15:32:20'),
(658, NULL, 1, '\n                                        Развивающие игрушки                                    ', 'edu_toys', '2019-08-23 15:32:20', '2019-08-23 15:32:20'),
(659, NULL, 1, '\n                                        Детские куклы                                    ', 'doll?do_type%5B0%5D=doll&do_type%5Boperation%5D=union', '2019-08-23 15:32:20', '2019-08-23 15:32:20'),
(660, NULL, 1, '\n                                        Кукольные домики                                    ', 'dollhouses', '2019-08-23 15:32:20', '2019-08-23 15:32:20'),
(661, NULL, 1, '\n                                        Детские железные дороги                                    ', 'kidsrailroad', '2019-08-23 15:32:20', '2019-08-23 15:32:20'),
(662, NULL, 1, '\n                                        Интерактивные игрушки и роботы                                    ', 'interactive_toys', '2019-08-23 15:32:20', '2019-08-23 15:32:20'),
(663, NULL, 1, '\n                                        Игровые домики и палатки                                    ', 'playhouse', '2019-08-23 15:32:20', '2019-08-23 15:32:20'),
(664, NULL, 1, '\n                                        Коньки                                    ', 'skates?type_skates%5B0%5D=child_skates&type_skates%5B1%5D=girls_skates&type_skates%5B2%5D=boy_skates&type_skates%5Boperation%5D=union', '2019-08-23 15:32:20', '2019-08-23 15:32:20'),
(665, NULL, 1, '\n                                        Самокаты                                    ', 'kickscooter?ks_targetaudienc%5B0%5D=kid&ks_targetaudienc%5Boperation%5D=union', '2019-08-23 15:32:20', '2019-08-23 15:32:20'),
(666, NULL, 1, '\n                                        Лыжи                                    ', 'skis?gender_skis%5B0%5D=child_skis&gender_skis%5Boperation%5D=union', '2019-08-23 15:32:20', '2019-08-23 15:32:20'),
(667, NULL, 1, '\n                                        Спортивная защита                                    ', 'sportsprotection?spp_forwhom%5B0%5D=kids&spp_forwhom%5Boperation%5D=union', '2019-08-23 15:32:20', '2019-08-23 15:32:20'),
(668, NULL, 1, '\n                                        Подгузники                                    ', 'diapers', '2019-08-23 15:32:20', '2019-08-23 15:32:20'),
(669, NULL, 1, '\n                                        Весы для новорожденных                                    ', 'babyscales', '2019-08-23 15:32:20', '2019-08-23 15:32:20'),
(670, NULL, 1, '\n                                        Устройства для приготовления детского питания                                    ', 'babyfoodmaker', '2019-08-23 15:32:20', '2019-08-23 15:32:20'),
(671, NULL, 1, '\n                                        Подогреватели и стерилизаторы бутылочек                                    ', 'bottlesterilizer', '2019-08-23 15:32:20', '2019-08-23 15:32:20'),
(672, NULL, 1, '\n                                        Термометры                                    ', 'medthermometer?baby_medtherm=1', '2019-08-23 15:32:20', '2019-08-23 15:32:20'),
(673, NULL, 1, '\n                                        Детские стиральные порошки                                    ', 'washingpowder?typeoflinen[0]=washchild&typeoflinen[operation]=union', '2019-08-23 15:32:20', '2019-08-23 15:32:20'),
(674, NULL, 1, '\n                                        Молокоотсосы и аксессуары                                    ', 'breast_pump', '2019-08-23 15:32:20', '2019-08-23 15:32:20'),
(675, NULL, 1, '\n                                        Школьные рюкзаки                                    ', 'backpack?bap_type[0]=school&bap_type[operation]=union', '2019-08-23 15:32:20', '2019-08-23 15:32:20'),
(676, NULL, 1, '\n                                        Умные часы для детей                                    ', 'smartwatch?sw_kid=1', '2019-08-23 15:32:20', '2019-08-23 15:32:20'),
(677, NULL, 1, '\n                                        Уничтожители бумаг (шредеры)                                    ', 'shredder', '2019-08-23 15:32:20', '2019-08-23 15:32:20'),
(678, NULL, 1, '\n                                        Резаки для бумаги                                    ', 'papercutter', '2019-08-23 15:32:20', '2019-08-23 15:32:20'),
(679, NULL, 1, '\n                                        Сетевые фильтры-удлинители                                    ', 'voltageregulator?voltage_type[0]=surge&voltage_type[operation]=union', '2019-08-23 15:32:20', '2019-08-23 15:32:20'),
(680, NULL, 1, '\n                                        Офисные кресла, стулья                                    ', 'office_chair', '2019-08-23 15:32:20', '2019-08-23 15:32:20'),
(681, NULL, 1, '\n                                        Офисные столы                                    ', 'table?tbl_type%5B0%5D=executive&tbl_type%5B1%5D=conference&tbl_type%5B2%5D=office&tbl_type%5Boperation%5D=union', '2019-08-23 15:32:20', '2019-08-23 15:32:20'),
(682, NULL, 1, '\n                                        Офисные диваны                                    ', 'divan?di_office=1', '2019-08-23 15:32:20', '2019-08-23 15:32:20'),
(683, NULL, 1, '\n                                        Сейфы                                    ', 'furnituresafes', '2019-08-23 15:32:20', '2019-08-23 15:32:20'),
(684, NULL, 1, '\n                                        Кассовые аппараты                                    ', 'cashregister', '2019-08-23 15:32:20', '2019-08-23 15:32:20'),
(685, NULL, 1, '\n                                        Счетчики банкнот и монет                                    ', 'counters', '2019-08-23 15:32:20', '2019-08-23 15:32:20'),
(686, NULL, 1, '\n                                        Сканеры штрих-кодов                                    ', 'barcode', '2019-08-23 15:32:20', '2019-08-23 15:32:20'),
(687, NULL, 1, '\n                                        Детекторы валют                                    ', 'currencydetector', '2019-08-23 15:32:20', '2019-08-23 15:32:20'),
(688, NULL, 1, '\n                                        Принтеры на этикетках и чеках                                    ', 'thermal', '2019-08-23 15:32:20', '2019-08-23 15:32:20'),
(689, NULL, 1, '\n                                        Информационные панели                                    ', 'digitalsignage', '2019-08-23 15:32:20', '2019-08-23 15:32:20'),
(690, NULL, 1, '\n                                        Торговые холодильники                                    ', 'commfrige', '2019-08-23 15:32:20', '2019-08-23 15:32:20'),
(691, NULL, 1, '\n                                        Шатры, тенты для торговли                                    ', 'canopy_tents?ct_use%5B0%5D=2&ct_use%5Boperation%5D=union', '2019-08-23 15:32:20', '2019-08-23 15:32:20'),
(692, NULL, 1, '\n                                        Тепловые завесы                                    ', 'aircurtain', '2019-08-23 15:32:20', '2019-08-23 15:32:20'),
(693, NULL, 1, '\n                                        Офисная бумага                                    ', 'photopaper?pp_type%5B0%5D=officepap&pp_type%5Boperation%5D=union', '2019-08-23 15:32:20', '2019-08-23 15:32:20'),
(694, NULL, 1, '\n                                        Самоклеящаяся бумага                                    ', 'photopaper?pp_type[0]=selfadhesive&pp_type[operation]=union', '2019-08-23 15:32:20', '2019-08-23 15:32:20'),
(695, NULL, 1, '\n                                        Термотрансферная бумага                                    ', 'photopaper?pp_type[0]=thermaltransfer&pp_type[operation]=union', '2019-08-23 15:32:20', '2019-08-23 15:32:20'),
(696, NULL, 1, '\n                                        Фотобумага                                    ', 'photopaper?pp_type%5B0%5D=paper&pp_type%5Boperation%5D=union', '2019-08-23 15:32:20', '2019-08-23 15:32:20'),
(697, NULL, 1, '\n                                        Кулеры для воды                                    ', 'water_cooler', '2019-08-23 15:32:20', '2019-08-23 15:32:20'),
(698, NULL, 1, '\n                                        Кофемашины и кофеварки                                    ', 'coffee', '2019-08-23 15:32:20', '2019-08-23 15:32:20'),
(699, NULL, 1, '\n                                        Холодильники                                    ', 'refrigerator?type_refrigerato[0]=iceroom&type_refrigerato[operation]=union&type_freezer[0]=none&type_freezer[operation]=union&ref_usefulcap[to]=124', '2019-08-23 15:32:20', '2019-08-23 15:32:20');

-- --------------------------------------------------------

--
-- Структура таблицы `data_rows`
--

CREATE TABLE `data_rows` (
  `id` int(10) UNSIGNED NOT NULL,
  `data_type_id` int(10) UNSIGNED NOT NULL,
  `field` varchar(255) COLLATE utf8mb4_unicode_ci NOT NULL,
  `type` varchar(255) COLLATE utf8mb4_unicode_ci NOT NULL,
  `display_name` varchar(255) COLLATE utf8mb4_unicode_ci NOT NULL,
  `required` tinyint(1) NOT NULL DEFAULT '0',
  `browse` tinyint(1) NOT NULL DEFAULT '1',
  `read` tinyint(1) NOT NULL DEFAULT '1',
  `edit` tinyint(1) NOT NULL DEFAULT '1',
  `add` tinyint(1) NOT NULL DEFAULT '1',
  `delete` tinyint(1) NOT NULL DEFAULT '1',
  `details` text COLLATE utf8mb4_unicode_ci,
  `order` int(11) NOT NULL DEFAULT '1'
) ENGINE=InnoDB DEFAULT CHARSET=utf8mb4 COLLATE=utf8mb4_unicode_ci;

--
-- Дамп данных таблицы `data_rows`
--

INSERT INTO `data_rows` (`id`, `data_type_id`, `field`, `type`, `display_name`, `required`, `browse`, `read`, `edit`, `add`, `delete`, `details`, `order`) VALUES
(1, 1, 'id', 'number', 'ID', 1, 0, 0, 0, 0, 0, NULL, 1),
(2, 1, 'name', 'text', 'Name', 1, 1, 1, 1, 1, 1, NULL, 2),
(3, 1, 'email', 'text', 'Email', 1, 1, 1, 1, 1, 1, NULL, 3),
(4, 1, 'password', 'password', 'Password', 1, 0, 0, 1, 1, 0, NULL, 4),
(5, 1, 'remember_token', 'text', 'Remember Token', 0, 0, 0, 0, 0, 0, NULL, 5),
(6, 1, 'created_at', 'timestamp', 'Created At', 0, 1, 1, 0, 0, 0, NULL, 6),
(7, 1, 'updated_at', 'timestamp', 'Updated At', 0, 0, 0, 0, 0, 0, NULL, 7),
(8, 1, 'avatar', 'image', 'Avatar', 0, 1, 1, 1, 1, 1, NULL, 8),
(9, 1, 'user_belongsto_role_relationship', 'relationship', 'Role', 0, 1, 1, 1, 1, 0, '{\"model\":\"TCG\\\\Voyager\\\\Models\\\\Role\",\"table\":\"roles\",\"type\":\"belongsTo\",\"column\":\"role_id\",\"key\":\"id\",\"label\":\"display_name\",\"pivot_table\":\"roles\",\"pivot\":0}', 10),
(10, 1, 'user_belongstomany_role_relationship', 'relationship', 'Roles', 0, 1, 1, 1, 1, 0, '{\"model\":\"TCG\\\\Voyager\\\\Models\\\\Role\",\"table\":\"roles\",\"type\":\"belongsToMany\",\"column\":\"id\",\"key\":\"id\",\"label\":\"display_name\",\"pivot_table\":\"user_roles\",\"pivot\":\"1\",\"taggable\":\"0\"}', 11),
(11, 1, 'settings', 'hidden', 'Settings', 0, 0, 0, 0, 0, 0, NULL, 12),
(12, 2, 'id', 'number', 'ID', 1, 0, 0, 0, 0, 0, NULL, 1),
(13, 2, 'name', 'text', 'Name', 1, 1, 1, 1, 1, 1, NULL, 2),
(14, 2, 'created_at', 'timestamp', 'Created At', 0, 0, 0, 0, 0, 0, NULL, 3),
(15, 2, 'updated_at', 'timestamp', 'Updated At', 0, 0, 0, 0, 0, 0, NULL, 4),
(16, 3, 'id', 'number', 'ID', 1, 0, 0, 0, 0, 0, NULL, 1),
(17, 3, 'name', 'text', 'Name', 1, 1, 1, 1, 1, 1, NULL, 2),
(18, 3, 'created_at', 'timestamp', 'Created At', 0, 0, 0, 0, 0, 0, NULL, 3),
(19, 3, 'updated_at', 'timestamp', 'Updated At', 0, 0, 0, 0, 0, 0, NULL, 4),
(20, 3, 'display_name', 'text', 'Display Name', 1, 1, 1, 1, 1, 1, NULL, 5),
(21, 1, 'role_id', 'text', 'Role', 1, 1, 1, 1, 1, 1, NULL, 9),
(22, 4, 'id', 'number', 'ID', 1, 0, 0, 0, 0, 0, NULL, 1),
(23, 4, 'parent_id', 'select_dropdown', 'Parent', 0, 0, 1, 1, 1, 1, '{\"default\":\"\",\"null\":\"\",\"options\":{\"\":\"-- None --\"},\"relationship\":{\"key\":\"id\",\"label\":\"name\"}}', 2),
(24, 4, 'order', 'text', 'Order', 1, 1, 1, 1, 1, 1, '{\"default\":1}', 3),
(25, 4, 'name', 'text', 'Name', 1, 1, 1, 1, 1, 1, NULL, 4),
(26, 4, 'slug', 'text', 'Slug', 1, 1, 1, 1, 1, 1, '{\"slugify\":{\"origin\":\"name\"}}', 5),
(27, 4, 'created_at', 'timestamp', 'Created At', 0, 0, 1, 0, 0, 0, NULL, 6),
(28, 4, 'updated_at', 'timestamp', 'Updated At', 0, 0, 0, 0, 0, 0, NULL, 7),
(29, 5, 'id', 'number', 'ID', 1, 0, 0, 0, 0, 0, NULL, 1),
(30, 5, 'author_id', 'text', 'Author', 1, 0, 1, 1, 0, 1, NULL, 2),
(31, 5, 'category_id', 'text', 'Category', 1, 0, 1, 1, 1, 0, NULL, 3),
(32, 5, 'title', 'text', 'Title', 1, 1, 1, 1, 1, 1, NULL, 4),
(33, 5, 'excerpt', 'text_area', 'Excerpt', 1, 0, 1, 1, 1, 1, NULL, 5),
(34, 5, 'body', 'rich_text_box', 'Body', 1, 0, 1, 1, 1, 1, NULL, 6),
(35, 5, 'image', 'image', 'Post Image', 0, 1, 1, 1, 1, 1, '{\"resize\":{\"width\":\"1000\",\"height\":\"null\"},\"quality\":\"70%\",\"upsize\":true,\"thumbnails\":[{\"name\":\"medium\",\"scale\":\"50%\"},{\"name\":\"small\",\"scale\":\"25%\"},{\"name\":\"cropped\",\"crop\":{\"width\":\"300\",\"height\":\"250\"}}]}', 7),
(36, 5, 'slug', 'text', 'Slug', 1, 0, 1, 1, 1, 1, '{\"slugify\":{\"origin\":\"title\",\"forceUpdate\":true},\"validation\":{\"rule\":\"unique:posts,slug\"}}', 8),
(37, 5, 'meta_description', 'text_area', 'Meta Description', 1, 0, 1, 1, 1, 1, NULL, 9),
(38, 5, 'meta_keywords', 'text_area', 'Meta Keywords', 1, 0, 1, 1, 1, 1, NULL, 10),
(39, 5, 'status', 'select_dropdown', 'Status', 1, 1, 1, 1, 1, 1, '{\"default\":\"DRAFT\",\"options\":{\"PUBLISHED\":\"published\",\"DRAFT\":\"draft\",\"PENDING\":\"pending\"}}', 11),
(40, 5, 'created_at', 'timestamp', 'Created At', 0, 1, 1, 0, 0, 0, NULL, 12),
(41, 5, 'updated_at', 'timestamp', 'Updated At', 0, 0, 0, 0, 0, 0, NULL, 13),
(42, 5, 'seo_title', 'text', 'SEO Title', 0, 1, 1, 1, 1, 1, NULL, 14),
(43, 5, 'featured', 'checkbox', 'Featured', 1, 1, 1, 1, 1, 1, NULL, 15),
(44, 6, 'id', 'number', 'ID', 1, 0, 0, 0, 0, 0, NULL, 1),
(45, 6, 'author_id', 'text', 'Author', 1, 0, 0, 0, 0, 0, NULL, 2),
(46, 6, 'title', 'text', 'Title', 1, 1, 1, 1, 1, 1, NULL, 3),
(47, 6, 'excerpt', 'text_area', 'Excerpt', 1, 0, 1, 1, 1, 1, NULL, 4),
(48, 6, 'body', 'rich_text_box', 'Body', 1, 0, 1, 1, 1, 1, NULL, 5),
(49, 6, 'slug', 'text', 'Slug', 1, 0, 1, 1, 1, 1, '{\"slugify\":{\"origin\":\"title\"},\"validation\":{\"rule\":\"unique:pages,slug\"}}', 6),
(50, 6, 'meta_description', 'text', 'Meta Description', 1, 0, 1, 1, 1, 1, NULL, 7),
(51, 6, 'meta_keywords', 'text', 'Meta Keywords', 1, 0, 1, 1, 1, 1, NULL, 8),
(52, 6, 'status', 'select_dropdown', 'Status', 1, 1, 1, 1, 1, 1, '{\"default\":\"INACTIVE\",\"options\":{\"INACTIVE\":\"INACTIVE\",\"ACTIVE\":\"ACTIVE\"}}', 9),
(53, 6, 'created_at', 'timestamp', 'Created At', 1, 1, 1, 0, 0, 0, NULL, 10),
(54, 6, 'updated_at', 'timestamp', 'Updated At', 1, 0, 0, 0, 0, 0, NULL, 11),
(55, 6, 'image', 'image', 'Page Image', 0, 1, 1, 1, 1, 1, NULL, 12),
(56, 10, 'id', 'text', 'Id', 1, 0, 0, 0, 0, 0, '{}', 1),
(57, 10, 'name', 'text', 'Name', 0, 1, 1, 1, 1, 1, '{}', 2),
(58, 10, 'body', 'text_area', 'Body', 0, 1, 1, 1, 1, 1, '{}', 3),
(59, 10, 'status', 'text', 'Status', 0, 1, 1, 1, 1, 1, '{}', 4),
(60, 10, 'price', 'text', 'Price', 0, 1, 1, 1, 1, 1, '{}', 5),
(61, 10, 'picture', 'image', 'Picture', 0, 1, 1, 1, 1, 1, '{}', 6),
(62, 10, 'category_id', 'text', 'Category Id', 0, 1, 1, 1, 1, 1, '{}', 7),
(63, 10, 'created_at', 'timestamp', 'Created At', 0, 1, 1, 1, 0, 1, '{}', 8),
(64, 10, 'updated_at', 'timestamp', 'Updated At', 0, 0, 0, 0, 0, 0, '{}', 9),
(65, 10, 'product_belongsto_category_relationship', 'relationship', 'categories', 0, 1, 1, 1, 1, 1, '{\"model\":\"App\\\\Category\",\"table\":\"categories\",\"type\":\"belongsTo\",\"column\":\"category_id\",\"key\":\"id\",\"label\":\"name\",\"pivot_table\":\"categories\",\"pivot\":\"0\",\"taggable\":\"0\"}', 10);

-- --------------------------------------------------------

--
-- Структура таблицы `data_types`
--

CREATE TABLE `data_types` (
  `id` int(10) UNSIGNED NOT NULL,
  `name` varchar(255) COLLATE utf8mb4_unicode_ci NOT NULL,
  `slug` varchar(255) COLLATE utf8mb4_unicode_ci NOT NULL,
  `display_name_singular` varchar(255) COLLATE utf8mb4_unicode_ci NOT NULL,
  `display_name_plural` varchar(255) COLLATE utf8mb4_unicode_ci NOT NULL,
  `icon` varchar(255) COLLATE utf8mb4_unicode_ci DEFAULT NULL,
  `model_name` varchar(255) COLLATE utf8mb4_unicode_ci DEFAULT NULL,
  `policy_name` varchar(255) COLLATE utf8mb4_unicode_ci DEFAULT NULL,
  `controller` varchar(255) COLLATE utf8mb4_unicode_ci DEFAULT NULL,
  `description` varchar(255) COLLATE utf8mb4_unicode_ci DEFAULT NULL,
  `generate_permissions` tinyint(1) NOT NULL DEFAULT '0',
  `server_side` tinyint(4) NOT NULL DEFAULT '0',
  `details` text COLLATE utf8mb4_unicode_ci,
  `created_at` timestamp NULL DEFAULT NULL,
  `updated_at` timestamp NULL DEFAULT NULL
) ENGINE=InnoDB DEFAULT CHARSET=utf8mb4 COLLATE=utf8mb4_unicode_ci;

--
-- Дамп данных таблицы `data_types`
--

INSERT INTO `data_types` (`id`, `name`, `slug`, `display_name_singular`, `display_name_plural`, `icon`, `model_name`, `policy_name`, `controller`, `description`, `generate_permissions`, `server_side`, `details`, `created_at`, `updated_at`) VALUES
(1, 'users', 'users', 'User', 'Users', 'voyager-person', 'TCG\\Voyager\\Models\\User', 'TCG\\Voyager\\Policies\\UserPolicy', 'TCG\\Voyager\\Http\\Controllers\\VoyagerUserController', '', 1, 0, NULL, '2019-07-26 13:54:44', '2019-07-26 13:54:44'),
(2, 'menus', 'menus', 'Menu', 'Menus', 'voyager-list', 'TCG\\Voyager\\Models\\Menu', NULL, '', '', 1, 0, NULL, '2019-07-26 13:54:44', '2019-07-26 13:54:44'),
(3, 'roles', 'roles', 'Role', 'Roles', 'voyager-lock', 'TCG\\Voyager\\Models\\Role', NULL, '', '', 1, 0, NULL, '2019-07-26 13:54:44', '2019-07-26 13:54:44'),
(4, 'categories', 'categories', 'Category', 'Categories', 'voyager-categories', 'TCG\\Voyager\\Models\\Category', NULL, '', '', 1, 0, NULL, '2019-07-26 13:54:46', '2019-07-26 13:54:46'),
(5, 'posts', 'posts', 'Post', 'Posts', 'voyager-news', 'TCG\\Voyager\\Models\\Post', 'TCG\\Voyager\\Policies\\PostPolicy', '', '', 1, 0, NULL, '2019-07-26 13:54:46', '2019-07-26 13:54:46'),
(6, 'pages', 'pages', 'Page', 'Pages', 'voyager-file-text', 'TCG\\Voyager\\Models\\Page', NULL, '', '', 1, 0, NULL, '2019-07-26 13:54:46', '2019-07-26 13:54:46'),
(10, 'products', 'products', 'Product', 'Products', NULL, 'App\\Product', NULL, NULL, NULL, 1, 0, '{\"order_column\":null,\"order_display_column\":null,\"order_direction\":\"asc\",\"default_search_key\":null,\"scope\":null}', '2019-08-02 15:17:37', '2019-08-02 15:44:21');

-- --------------------------------------------------------

--
-- Структура таблицы `menus`
--

CREATE TABLE `menus` (
  `id` int(10) UNSIGNED NOT NULL,
  `name` varchar(255) COLLATE utf8mb4_unicode_ci NOT NULL,
  `created_at` timestamp NULL DEFAULT NULL,
  `updated_at` timestamp NULL DEFAULT NULL
) ENGINE=InnoDB DEFAULT CHARSET=utf8mb4 COLLATE=utf8mb4_unicode_ci;

--
-- Дамп данных таблицы `menus`
--

INSERT INTO `menus` (`id`, `name`, `created_at`, `updated_at`) VALUES
(1, 'admin', '2019-07-26 13:54:44', '2019-07-26 13:54:44'),
(2, 'main', '2019-07-26 15:10:55', '2019-07-26 15:10:55');

-- --------------------------------------------------------

--
-- Структура таблицы `menu_items`
--

CREATE TABLE `menu_items` (
  `id` int(10) UNSIGNED NOT NULL,
  `menu_id` int(10) UNSIGNED DEFAULT NULL,
  `title` varchar(255) COLLATE utf8mb4_unicode_ci NOT NULL,
  `url` varchar(255) COLLATE utf8mb4_unicode_ci NOT NULL,
  `target` varchar(255) COLLATE utf8mb4_unicode_ci NOT NULL DEFAULT '_self',
  `icon_class` varchar(255) COLLATE utf8mb4_unicode_ci DEFAULT NULL,
  `color` varchar(255) COLLATE utf8mb4_unicode_ci DEFAULT NULL,
  `parent_id` int(11) DEFAULT NULL,
  `order` int(11) NOT NULL,
  `created_at` timestamp NULL DEFAULT NULL,
  `updated_at` timestamp NULL DEFAULT NULL,
  `route` varchar(255) COLLATE utf8mb4_unicode_ci DEFAULT NULL,
  `parameters` text COLLATE utf8mb4_unicode_ci
) ENGINE=InnoDB DEFAULT CHARSET=utf8mb4 COLLATE=utf8mb4_unicode_ci;

--
-- Дамп данных таблицы `menu_items`
--

INSERT INTO `menu_items` (`id`, `menu_id`, `title`, `url`, `target`, `icon_class`, `color`, `parent_id`, `order`, `created_at`, `updated_at`, `route`, `parameters`) VALUES
(1, 1, 'Dashboard', '', '_self', 'voyager-boat', NULL, NULL, 1, '2019-07-26 13:54:44', '2019-07-26 13:54:44', 'voyager.dashboard', NULL),
(2, 1, 'Media', '', '_self', 'voyager-images', NULL, NULL, 5, '2019-07-26 13:54:44', '2019-07-26 13:54:44', 'voyager.media.index', NULL),
(3, 1, 'Users', '', '_self', 'voyager-person', NULL, NULL, 3, '2019-07-26 13:54:44', '2019-07-26 13:54:44', 'voyager.users.index', NULL),
(4, 1, 'Roles', '', '_self', 'voyager-lock', NULL, NULL, 2, '2019-07-26 13:54:44', '2019-07-26 13:54:44', 'voyager.roles.index', NULL),
(5, 1, 'Tools', '', '_self', 'voyager-tools', NULL, NULL, 9, '2019-07-26 13:54:44', '2019-07-26 13:54:44', NULL, NULL),
(6, 1, 'Menu Builder', '', '_self', 'voyager-list', NULL, 5, 10, '2019-07-26 13:54:44', '2019-07-26 13:54:44', 'voyager.menus.index', NULL),
(7, 1, 'Database', '', '_self', 'voyager-data', NULL, 5, 11, '2019-07-26 13:54:44', '2019-07-26 13:54:44', 'voyager.database.index', NULL),
(8, 1, 'Compass', '', '_self', 'voyager-compass', NULL, 5, 12, '2019-07-26 13:54:44', '2019-07-26 13:54:44', 'voyager.compass.index', NULL),
(9, 1, 'BREAD', '', '_self', 'voyager-bread', NULL, 5, 13, '2019-07-26 13:54:44', '2019-07-26 13:54:44', 'voyager.bread.index', NULL),
(10, 1, 'Settings', '', '_self', 'voyager-settings', NULL, NULL, 14, '2019-07-26 13:54:44', '2019-07-26 13:54:44', 'voyager.settings.index', NULL),
(11, 1, 'Categories', '', '_self', 'voyager-categories', NULL, NULL, 8, '2019-07-26 13:54:46', '2019-07-26 13:54:46', 'voyager.categories.index', NULL),
(12, 1, 'Posts', '', '_self', 'voyager-news', NULL, NULL, 6, '2019-07-26 13:54:46', '2019-07-26 13:54:46', 'voyager.posts.index', NULL),
(13, 1, 'Pages', '', '_self', 'voyager-file-text', NULL, NULL, 7, '2019-07-26 13:54:46', '2019-07-26 13:54:46', 'voyager.pages.index', NULL),
(14, 1, 'Hooks', '', '_self', 'voyager-hook', NULL, 5, 13, '2019-07-26 13:54:46', '2019-07-26 13:54:46', 'voyager.hooks', NULL),
(15, 2, 'Админка', '/admin', '_self', NULL, '#000000', NULL, 15, '2019-07-26 15:11:46', '2019-07-26 15:11:46', NULL, ''),
(16, 2, 'Парсинг', '/parse', '_self', NULL, '#000000', NULL, 16, '2019-07-26 15:12:22', '2019-07-26 15:12:22', NULL, ''),
(17, 1, 'Products', '', '_self', NULL, NULL, NULL, 17, '2019-08-02 15:17:37', '2019-08-02 15:17:37', 'voyager.products.index', NULL),
(18, 2, 'Категории Онлайнера', '/parse/onliner_catalog', '_blank', NULL, '#000000', NULL, 18, '2019-08-23 15:12:07', '2019-08-23 15:12:07', NULL, '');

-- --------------------------------------------------------

--
-- Структура таблицы `migrations`
--

CREATE TABLE `migrations` (
  `id` int(10) UNSIGNED NOT NULL,
  `migration` varchar(255) COLLATE utf8mb4_unicode_ci NOT NULL,
  `batch` int(11) NOT NULL
) ENGINE=InnoDB DEFAULT CHARSET=utf8mb4 COLLATE=utf8mb4_unicode_ci;

--
-- Дамп данных таблицы `migrations`
--

INSERT INTO `migrations` (`id`, `migration`, `batch`) VALUES
(1, '2014_10_12_000000_create_users_table', 1),
(2, '2014_10_12_100000_create_password_resets_table', 1),
(3, '2016_01_01_000000_add_voyager_user_fields', 2),
(4, '2016_01_01_000000_create_data_types_table', 2),
(5, '2016_05_19_173453_create_menu_table', 2),
(6, '2016_10_21_190000_create_roles_table', 2),
(7, '2016_10_21_190000_create_settings_table', 2),
(8, '2016_11_30_135954_create_permission_table', 2),
(9, '2016_11_30_141208_create_permission_role_table', 2),
(10, '2016_12_26_201236_data_types__add__server_side', 2),
(11, '2017_01_13_000000_add_route_to_menu_items_table', 2),
(12, '2017_01_14_005015_create_translations_table', 2),
(13, '2017_01_15_000000_make_table_name_nullable_in_permissions_table', 2),
(14, '2017_03_06_000000_add_controller_to_data_types_table', 2),
(15, '2017_04_21_000000_add_order_to_data_rows_table', 2),
(16, '2017_07_05_210000_add_policyname_to_data_types_table', 2),
(17, '2017_08_05_000000_add_group_to_settings_table', 2),
(18, '2017_11_26_013050_add_user_role_relationship', 2),
(19, '2017_11_26_015000_create_user_roles_table', 2),
(20, '2018_03_11_000000_add_user_settings', 2),
(21, '2018_03_14_000000_add_details_to_data_types_table', 2),
(22, '2018_03_16_000000_make_settings_value_nullable', 2),
(23, '2016_01_01_000000_create_pages_table', 3),
(24, '2016_01_01_000000_create_posts_table', 3),
(25, '2016_02_15_204651_create_categories_table', 3),
(26, '2017_04_11_000000_alter_post_nullable_fields_table', 3),
(27, '2019_08_07_165000_create_orders_table', 4);

-- --------------------------------------------------------

--
-- Структура таблицы `orders`
--

CREATE TABLE `orders` (
  `id` bigint(20) UNSIGNED NOT NULL,
  `created_at` timestamp NULL DEFAULT NULL,
  `updated_at` timestamp NULL DEFAULT NULL,
  `name` varchar(255) COLLATE utf8mb4_unicode_ci NOT NULL,
  `phone` varchar(255) COLLATE utf8mb4_unicode_ci NOT NULL,
  `address` varchar(255) COLLATE utf8mb4_unicode_ci NOT NULL,
  `comment` varchar(255) COLLATE utf8mb4_unicode_ci NOT NULL,
  `body` text COLLATE utf8mb4_unicode_ci NOT NULL,
  `ip` varchar(255) COLLATE utf8mb4_unicode_ci NOT NULL,
  `status` varchar(255) COLLATE utf8mb4_unicode_ci NOT NULL,
  `user_id` int(11) NOT NULL
) ENGINE=InnoDB DEFAULT CHARSET=utf8mb4 COLLATE=utf8mb4_unicode_ci;

--
-- Дамп данных таблицы `orders`
--

INSERT INTO `orders` (`id`, `created_at`, `updated_at`, `name`, `phone`, `address`, `comment`, `body`, `ip`, `status`, `user_id`) VALUES
(1, '2019-08-14 14:07:30', '2019-08-14 14:07:30', 'fse', '34', 'sf', '', '3:1:1,4:1:2,', '127.0.0.1', '', 0),
(2, '2019-08-14 14:09:44', '2019-08-14 14:09:44', 'fjjf', '35', 'dgg', '', '4:1:2,1:1:1,', '127.0.0.1', '', 0),
(3, '2019-08-14 15:09:48', '2019-08-14 15:09:48', 'впк', '24', 'впк', '', '3:1:1,4:1:2,', '127.0.0.1', '', 0),
(4, '2019-08-14 15:15:26', '2019-08-14 15:15:26', 'category 3', '35', 'rete', '', '4:1:2,', '127.0.0.1', '', 0),
(5, '2019-08-14 15:37:49', '2019-08-14 15:37:49', 'gr', 'grdg', 'dgrd', '', '3:1:1,1:1:1,', '127.0.0.1', '', 0),
(6, '2019-08-14 15:39:19', '2019-08-14 15:39:19', 'hftfh', '35', 'dgrg', '', '3:1:1,1:1:1,', '127.0.0.1', '', 2),
(7, '2019-08-14 15:39:58', '2019-08-14 15:39:58', 'category 3', '35', 'rete', '', '3:1:1,', '127.0.0.1', '', 2),
(8, '2019-08-16 13:20:59', '2019-08-16 13:20:59', 'qdw', '43', 'sf', '', '3:1:1,1:1:1,', '127.0.0.1', '', 3),
(9, '2019-08-16 14:20:17', '2019-08-16 14:20:17', 'daw', '23', 'aw', '', '3:1:1,5:1:3,', '127.0.0.1', '', 3);

-- --------------------------------------------------------

--
-- Структура таблицы `pages`
--

CREATE TABLE `pages` (
  `id` int(10) UNSIGNED NOT NULL,
  `author_id` int(11) NOT NULL,
  `title` varchar(255) COLLATE utf8mb4_unicode_ci NOT NULL,
  `excerpt` text COLLATE utf8mb4_unicode_ci,
  `body` text COLLATE utf8mb4_unicode_ci,
  `image` varchar(255) COLLATE utf8mb4_unicode_ci DEFAULT NULL,
  `slug` varchar(255) COLLATE utf8mb4_unicode_ci NOT NULL,
  `meta_description` text COLLATE utf8mb4_unicode_ci,
  `meta_keywords` text COLLATE utf8mb4_unicode_ci,
  `status` enum('ACTIVE','INACTIVE') COLLATE utf8mb4_unicode_ci NOT NULL DEFAULT 'INACTIVE',
  `created_at` timestamp NULL DEFAULT NULL,
  `updated_at` timestamp NULL DEFAULT NULL
) ENGINE=InnoDB DEFAULT CHARSET=utf8mb4 COLLATE=utf8mb4_unicode_ci;

--
-- Дамп данных таблицы `pages`
--

INSERT INTO `pages` (`id`, `author_id`, `title`, `excerpt`, `body`, `image`, `slug`, `meta_description`, `meta_keywords`, `status`, `created_at`, `updated_at`) VALUES
(1, 0, 'Hello World', 'Hang the jib grog grog blossom grapple dance the hempen jig gangway pressgang bilge rat to go on account lugger. Nelsons folly gabion line draught scallywag fire ship gaff fluke fathom case shot. Sea Legs bilge rat sloop matey gabion long clothes run a shot across the bow Gold Road cog league.', '<p>Hello World. Scallywag grog swab Cat o\'nine tails scuttle rigging hardtack cable nipper Yellow Jack. Handsomely spirits knave lad killick landlubber or just lubber deadlights chantey pinnace crack Jennys tea cup. Provost long clothes black spot Yellow Jack bilged on her anchor league lateen sail case shot lee tackle.</p>\n<p>Ballast spirits fluke topmast me quarterdeck schooner landlubber or just lubber gabion belaying pin. Pinnace stern galleon starboard warp carouser to go on account dance the hempen jig jolly boat measured fer yer chains. Man-of-war fire in the hole nipperkin handsomely doubloon barkadeer Brethren of the Coast gibbet driver squiffy.</p>', 'pages/page1.jpg', 'hello-world', 'Yar Meta Description', 'Keyword1, Keyword2', 'ACTIVE', '2019-07-26 13:54:46', '2019-07-26 13:54:46');

-- --------------------------------------------------------

--
-- Структура таблицы `password_resets`
--

CREATE TABLE `password_resets` (
  `email` varchar(255) COLLATE utf8mb4_unicode_ci NOT NULL,
  `token` varchar(255) COLLATE utf8mb4_unicode_ci NOT NULL,
  `created_at` timestamp NULL DEFAULT NULL
) ENGINE=InnoDB DEFAULT CHARSET=utf8mb4 COLLATE=utf8mb4_unicode_ci;

-- --------------------------------------------------------

--
-- Структура таблицы `permissions`
--

CREATE TABLE `permissions` (
  `id` bigint(20) UNSIGNED NOT NULL,
  `key` varchar(255) COLLATE utf8mb4_unicode_ci NOT NULL,
  `table_name` varchar(255) COLLATE utf8mb4_unicode_ci DEFAULT NULL,
  `created_at` timestamp NULL DEFAULT NULL,
  `updated_at` timestamp NULL DEFAULT NULL
) ENGINE=InnoDB DEFAULT CHARSET=utf8mb4 COLLATE=utf8mb4_unicode_ci;

--
-- Дамп данных таблицы `permissions`
--

INSERT INTO `permissions` (`id`, `key`, `table_name`, `created_at`, `updated_at`) VALUES
(1, 'browse_admin', NULL, '2019-07-26 13:54:44', '2019-07-26 13:54:44'),
(2, 'browse_bread', NULL, '2019-07-26 13:54:44', '2019-07-26 13:54:44'),
(3, 'browse_database', NULL, '2019-07-26 13:54:44', '2019-07-26 13:54:44'),
(4, 'browse_media', NULL, '2019-07-26 13:54:44', '2019-07-26 13:54:44'),
(5, 'browse_compass', NULL, '2019-07-26 13:54:44', '2019-07-26 13:54:44'),
(6, 'browse_menus', 'menus', '2019-07-26 13:54:44', '2019-07-26 13:54:44'),
(7, 'read_menus', 'menus', '2019-07-26 13:54:44', '2019-07-26 13:54:44'),
(8, 'edit_menus', 'menus', '2019-07-26 13:54:44', '2019-07-26 13:54:44'),
(9, 'add_menus', 'menus', '2019-07-26 13:54:44', '2019-07-26 13:54:44'),
(10, 'delete_menus', 'menus', '2019-07-26 13:54:44', '2019-07-26 13:54:44'),
(11, 'browse_roles', 'roles', '2019-07-26 13:54:44', '2019-07-26 13:54:44'),
(12, 'read_roles', 'roles', '2019-07-26 13:54:44', '2019-07-26 13:54:44'),
(13, 'edit_roles', 'roles', '2019-07-26 13:54:44', '2019-07-26 13:54:44'),
(14, 'add_roles', 'roles', '2019-07-26 13:54:44', '2019-07-26 13:54:44'),
(15, 'delete_roles', 'roles', '2019-07-26 13:54:44', '2019-07-26 13:54:44'),
(16, 'browse_users', 'users', '2019-07-26 13:54:44', '2019-07-26 13:54:44'),
(17, 'read_users', 'users', '2019-07-26 13:54:44', '2019-07-26 13:54:44'),
(18, 'edit_users', 'users', '2019-07-26 13:54:44', '2019-07-26 13:54:44'),
(19, 'add_users', 'users', '2019-07-26 13:54:44', '2019-07-26 13:54:44'),
(20, 'delete_users', 'users', '2019-07-26 13:54:44', '2019-07-26 13:54:44'),
(21, 'browse_settings', 'settings', '2019-07-26 13:54:44', '2019-07-26 13:54:44'),
(22, 'read_settings', 'settings', '2019-07-26 13:54:44', '2019-07-26 13:54:44'),
(23, 'edit_settings', 'settings', '2019-07-26 13:54:44', '2019-07-26 13:54:44'),
(24, 'add_settings', 'settings', '2019-07-26 13:54:44', '2019-07-26 13:54:44'),
(25, 'delete_settings', 'settings', '2019-07-26 13:54:44', '2019-07-26 13:54:44'),
(26, 'browse_categories', 'categories', '2019-07-26 13:54:46', '2019-07-26 13:54:46'),
(27, 'read_categories', 'categories', '2019-07-26 13:54:46', '2019-07-26 13:54:46'),
(28, 'edit_categories', 'categories', '2019-07-26 13:54:46', '2019-07-26 13:54:46'),
(29, 'add_categories', 'categories', '2019-07-26 13:54:46', '2019-07-26 13:54:46'),
(30, 'delete_categories', 'categories', '2019-07-26 13:54:46', '2019-07-26 13:54:46'),
(31, 'browse_posts', 'posts', '2019-07-26 13:54:46', '2019-07-26 13:54:46'),
(32, 'read_posts', 'posts', '2019-07-26 13:54:46', '2019-07-26 13:54:46'),
(33, 'edit_posts', 'posts', '2019-07-26 13:54:46', '2019-07-26 13:54:46'),
(34, 'add_posts', 'posts', '2019-07-26 13:54:46', '2019-07-26 13:54:46'),
(35, 'delete_posts', 'posts', '2019-07-26 13:54:46', '2019-07-26 13:54:46'),
(36, 'browse_pages', 'pages', '2019-07-26 13:54:46', '2019-07-26 13:54:46'),
(37, 'read_pages', 'pages', '2019-07-26 13:54:46', '2019-07-26 13:54:46'),
(38, 'edit_pages', 'pages', '2019-07-26 13:54:46', '2019-07-26 13:54:46'),
(39, 'add_pages', 'pages', '2019-07-26 13:54:46', '2019-07-26 13:54:46'),
(40, 'delete_pages', 'pages', '2019-07-26 13:54:46', '2019-07-26 13:54:46'),
(41, 'browse_hooks', NULL, '2019-07-26 13:54:46', '2019-07-26 13:54:46'),
(42, 'browse_products', 'products', '2019-08-02 15:17:37', '2019-08-02 15:17:37'),
(43, 'read_products', 'products', '2019-08-02 15:17:37', '2019-08-02 15:17:37'),
(44, 'edit_products', 'products', '2019-08-02 15:17:37', '2019-08-02 15:17:37'),
(45, 'add_products', 'products', '2019-08-02 15:17:37', '2019-08-02 15:17:37'),
(46, 'delete_products', 'products', '2019-08-02 15:17:37', '2019-08-02 15:17:37');

-- --------------------------------------------------------

--
-- Структура таблицы `permission_role`
--

CREATE TABLE `permission_role` (
  `permission_id` bigint(20) UNSIGNED NOT NULL,
  `role_id` bigint(20) UNSIGNED NOT NULL
) ENGINE=InnoDB DEFAULT CHARSET=utf8mb4 COLLATE=utf8mb4_unicode_ci;

--
-- Дамп данных таблицы `permission_role`
--

INSERT INTO `permission_role` (`permission_id`, `role_id`) VALUES
(1, 1),
(2, 1),
(3, 1),
(4, 1),
(5, 1),
(6, 1),
(7, 1),
(8, 1),
(9, 1),
(10, 1),
(11, 1),
(12, 1),
(13, 1),
(14, 1),
(15, 1),
(16, 1),
(17, 1),
(18, 1),
(19, 1),
(20, 1),
(21, 1),
(22, 1),
(23, 1),
(24, 1),
(25, 1),
(26, 1),
(27, 1),
(28, 1),
(29, 1),
(30, 1),
(31, 1),
(32, 1),
(33, 1),
(34, 1),
(35, 1),
(36, 1),
(37, 1),
(38, 1),
(39, 1),
(40, 1),
(41, 1),
(42, 1),
(43, 1),
(44, 1),
(45, 1),
(46, 1);

-- --------------------------------------------------------

--
-- Структура таблицы `posts`
--

CREATE TABLE `posts` (
  `id` int(10) UNSIGNED NOT NULL,
  `author_id` int(11) NOT NULL,
  `category_id` int(11) DEFAULT NULL,
  `title` varchar(255) COLLATE utf8mb4_unicode_ci NOT NULL,
  `seo_title` varchar(255) COLLATE utf8mb4_unicode_ci DEFAULT NULL,
  `excerpt` text COLLATE utf8mb4_unicode_ci,
  `body` text COLLATE utf8mb4_unicode_ci NOT NULL,
  `image` varchar(255) COLLATE utf8mb4_unicode_ci DEFAULT NULL,
  `slug` varchar(255) COLLATE utf8mb4_unicode_ci NOT NULL,
  `meta_description` text COLLATE utf8mb4_unicode_ci,
  `meta_keywords` text COLLATE utf8mb4_unicode_ci,
  `status` enum('PUBLISHED','DRAFT','PENDING') COLLATE utf8mb4_unicode_ci NOT NULL DEFAULT 'DRAFT',
  `featured` tinyint(1) NOT NULL DEFAULT '0',
  `created_at` timestamp NULL DEFAULT NULL,
  `updated_at` timestamp NULL DEFAULT NULL
) ENGINE=InnoDB DEFAULT CHARSET=utf8mb4 COLLATE=utf8mb4_unicode_ci;

--
-- Дамп данных таблицы `posts`
--

INSERT INTO `posts` (`id`, `author_id`, `category_id`, `title`, `seo_title`, `excerpt`, `body`, `image`, `slug`, `meta_description`, `meta_keywords`, `status`, `featured`, `created_at`, `updated_at`) VALUES
(1, 0, NULL, 'Lorem Ipsum Post', NULL, 'This is the excerpt for the Lorem Ipsum Post', '<p>This is the body of the lorem ipsum post</p>', 'posts/post1.jpg', 'lorem-ipsum-post', 'This is the meta description', 'keyword1, keyword2, keyword3', 'PUBLISHED', 0, '2019-07-26 13:54:46', '2019-07-26 13:54:46'),
(2, 0, NULL, 'My Sample Post', NULL, 'This is the excerpt for the sample Post', '<p>This is the body for the sample post, which includes the body.</p>\n                <h2>We can use all kinds of format!</h2>\n                <p>And include a bunch of other stuff.</p>', 'posts/post2.jpg', 'my-sample-post', 'Meta Description for sample post', 'keyword1, keyword2, keyword3', 'PUBLISHED', 0, '2019-07-26 13:54:46', '2019-07-26 13:54:46'),
(3, 0, NULL, 'Latest Post', NULL, 'This is the excerpt for the latest post', '<p>This is the body for the latest post</p>', 'posts/post3.jpg', 'latest-post', 'This is the meta description', 'keyword1, keyword2, keyword3', 'PUBLISHED', 0, '2019-07-26 13:54:46', '2019-07-26 13:54:46'),
(4, 0, NULL, 'Yarr Post', NULL, 'Reef sails nipperkin bring a spring upon her cable coffer jury mast spike marooned Pieces of Eight poop deck pillage. Clipper driver coxswain galleon hempen halter come about pressgang gangplank boatswain swing the lead. Nipperkin yard skysail swab lanyard Blimey bilge water ho quarter Buccaneer.', '<p>Swab deadlights Buccaneer fire ship square-rigged dance the hempen jig weigh anchor cackle fruit grog furl. Crack Jennys tea cup chase guns pressgang hearties spirits hogshead Gold Road six pounders fathom measured fer yer chains. Main sheet provost come about trysail barkadeer crimp scuttle mizzenmast brig plunder.</p>\n<p>Mizzen league keelhaul galleon tender cog chase Barbary Coast doubloon crack Jennys tea cup. Blow the man down lugsail fire ship pinnace cackle fruit line warp Admiral of the Black strike colors doubloon. Tackle Jack Ketch come about crimp rum draft scuppers run a shot across the bow haul wind maroon.</p>\n<p>Interloper heave down list driver pressgang holystone scuppers tackle scallywag bilged on her anchor. Jack Tar interloper draught grapple mizzenmast hulk knave cable transom hogshead. Gaff pillage to go on account grog aft chase guns piracy yardarm knave clap of thunder.</p>', 'posts/post4.jpg', 'yarr-post', 'this be a meta descript', 'keyword1, keyword2, keyword3', 'PUBLISHED', 0, '2019-07-26 13:54:46', '2019-07-26 13:54:46');

-- --------------------------------------------------------

--
-- Структура таблицы `products`
--

CREATE TABLE `products` (
  `id` int(10) UNSIGNED NOT NULL,
  `name` tinytext COLLATE utf8mb4_unicode_ci,
  `body` text COLLATE utf8mb4_unicode_ci,
  `status` tinytext COLLATE utf8mb4_unicode_ci,
  `price` tinytext COLLATE utf8mb4_unicode_ci,
  `picture` tinytext COLLATE utf8mb4_unicode_ci,
  `category_id` int(11) DEFAULT NULL,
  `created_at` timestamp NULL DEFAULT NULL,
  `updated_at` timestamp NULL DEFAULT NULL
) ENGINE=InnoDB DEFAULT CHARSET=utf8mb4 COLLATE=utf8mb4_unicode_ci;

--
-- Дамп данных таблицы `products`
--

INSERT INTO `products` (`id`, `name`, `body`, `status`, `price`, `picture`, `category_id`, `created_at`, `updated_at`) VALUES
(1, 'пингвин', '<p>веселый</p>', 'имеется в наличии', '1', 'products\\August2019\\kc1XpcpsleXFM2I7srq8.jpg', 2, '2019-08-02 15:22:54', '2019-08-02 15:22:54'),
(2, 'замок', '<p>хороший вид</p>', 'в наличии', '2', 'products\\August2019\\DP3xzzm7XuvsQVMC6kWL.jpg', 1, '2019-08-02 15:24:33', '2019-08-02 15:24:33'),
(3, 'ЫЙЫ', '<p>йы</p>', 'йы', '1', 'products\\August2019\\MzZJFTSQ8rbNsEhIlaoX.jpg', 7, '2019-08-02 15:25:24', '2019-08-02 15:25:24'),
(4, 'Ый', 'ЫЙ', 'ый', '2', 'products\\August2019\\fILLVLG0z4OtXvu7NG2Y.jpg', 5, '2019-08-02 15:25:46', '2019-08-02 15:25:46'),
(5, 'йыЫ', 'Get started with Bootstrap, the world’s most popular', 'ФЧЫ', '3', 'products\\August2019\\VXfdWatSsBA41xbmD2J7.jpg', 6, '2019-08-02 15:26:00', '2019-08-02 15:44:47');

-- --------------------------------------------------------

--
-- Структура таблицы `roles`
--

CREATE TABLE `roles` (
  `id` bigint(20) UNSIGNED NOT NULL,
  `name` varchar(255) COLLATE utf8mb4_unicode_ci NOT NULL,
  `display_name` varchar(255) COLLATE utf8mb4_unicode_ci NOT NULL,
  `created_at` timestamp NULL DEFAULT NULL,
  `updated_at` timestamp NULL DEFAULT NULL
) ENGINE=InnoDB DEFAULT CHARSET=utf8mb4 COLLATE=utf8mb4_unicode_ci;

--
-- Дамп данных таблицы `roles`
--

INSERT INTO `roles` (`id`, `name`, `display_name`, `created_at`, `updated_at`) VALUES
(1, 'admin', 'Administrator', '2019-07-26 13:54:44', '2019-07-26 13:54:44'),
(2, 'user', 'Normal User', '2019-07-26 13:54:44', '2019-07-26 13:54:44');

-- --------------------------------------------------------

--
-- Структура таблицы `settings`
--

CREATE TABLE `settings` (
  `id` int(10) UNSIGNED NOT NULL,
  `key` varchar(255) COLLATE utf8mb4_unicode_ci NOT NULL,
  `display_name` varchar(255) COLLATE utf8mb4_unicode_ci NOT NULL,
  `value` text COLLATE utf8mb4_unicode_ci,
  `details` text COLLATE utf8mb4_unicode_ci,
  `type` varchar(255) COLLATE utf8mb4_unicode_ci NOT NULL,
  `order` int(11) NOT NULL DEFAULT '1',
  `group` varchar(255) COLLATE utf8mb4_unicode_ci DEFAULT NULL
) ENGINE=InnoDB DEFAULT CHARSET=utf8mb4 COLLATE=utf8mb4_unicode_ci;

--
-- Дамп данных таблицы `settings`
--

INSERT INTO `settings` (`id`, `key`, `display_name`, `value`, `details`, `type`, `order`, `group`) VALUES
(1, 'site.title', 'Site Title', 'Site Title', '', 'text', 1, 'Site'),
(2, 'site.description', 'Site Description', 'Site Description', '', 'text', 2, 'Site'),
(3, 'site.logo', 'Site Logo', '', '', 'image', 3, 'Site'),
(4, 'site.google_analytics_tracking_id', 'Google Analytics Tracking ID', '', '', 'text', 4, 'Site'),
(5, 'admin.bg_image', 'Admin Background Image', '', '', 'image', 5, 'Admin'),
(6, 'admin.title', 'Admin Title', 'Voyager', '', 'text', 1, 'Admin'),
(7, 'admin.description', 'Admin Description', 'Welcome to Voyager. The Missing Admin for Laravel', '', 'text', 2, 'Admin'),
(8, 'admin.loader', 'Admin Loader', '', '', 'image', 3, 'Admin'),
(9, 'admin.icon_image', 'Admin Icon Image', '', '', 'image', 4, 'Admin'),
(10, 'admin.google_analytics_client_id', 'Google Analytics Client ID (used for admin dashboard)', '', '', 'text', 1, 'Admin');

-- --------------------------------------------------------

--
-- Структура таблицы `translations`
--

CREATE TABLE `translations` (
  `id` int(10) UNSIGNED NOT NULL,
  `table_name` varchar(255) COLLATE utf8mb4_unicode_ci NOT NULL,
  `column_name` varchar(255) COLLATE utf8mb4_unicode_ci NOT NULL,
  `foreign_key` int(10) UNSIGNED NOT NULL,
  `locale` varchar(255) COLLATE utf8mb4_unicode_ci NOT NULL,
  `value` text COLLATE utf8mb4_unicode_ci NOT NULL,
  `created_at` timestamp NULL DEFAULT NULL,
  `updated_at` timestamp NULL DEFAULT NULL
) ENGINE=InnoDB DEFAULT CHARSET=utf8mb4 COLLATE=utf8mb4_unicode_ci;

--
-- Дамп данных таблицы `translations`
--

INSERT INTO `translations` (`id`, `table_name`, `column_name`, `foreign_key`, `locale`, `value`, `created_at`, `updated_at`) VALUES
(1, 'data_types', 'display_name_singular', 5, 'pt', 'Post', '2019-07-26 13:54:46', '2019-07-26 13:54:46'),
(2, 'data_types', 'display_name_singular', 6, 'pt', 'Página', '2019-07-26 13:54:46', '2019-07-26 13:54:46'),
(3, 'data_types', 'display_name_singular', 1, 'pt', 'Utilizador', '2019-07-26 13:54:46', '2019-07-26 13:54:46'),
(4, 'data_types', 'display_name_singular', 4, 'pt', 'Categoria', '2019-07-26 13:54:46', '2019-07-26 13:54:46'),
(5, 'data_types', 'display_name_singular', 2, 'pt', 'Menu', '2019-07-26 13:54:46', '2019-07-26 13:54:46'),
(6, 'data_types', 'display_name_singular', 3, 'pt', 'Função', '2019-07-26 13:54:46', '2019-07-26 13:54:46'),
(7, 'data_types', 'display_name_plural', 5, 'pt', 'Posts', '2019-07-26 13:54:46', '2019-07-26 13:54:46'),
(8, 'data_types', 'display_name_plural', 6, 'pt', 'Páginas', '2019-07-26 13:54:46', '2019-07-26 13:54:46'),
(9, 'data_types', 'display_name_plural', 1, 'pt', 'Utilizadores', '2019-07-26 13:54:46', '2019-07-26 13:54:46'),
(10, 'data_types', 'display_name_plural', 4, 'pt', 'Categorias', '2019-07-26 13:54:46', '2019-07-26 13:54:46'),
(11, 'data_types', 'display_name_plural', 2, 'pt', 'Menus', '2019-07-26 13:54:46', '2019-07-26 13:54:46'),
(12, 'data_types', 'display_name_plural', 3, 'pt', 'Funções', '2019-07-26 13:54:46', '2019-07-26 13:54:46'),
(13, 'categories', 'slug', 1, 'pt', 'categoria-1', '2019-07-26 13:54:46', '2019-07-26 13:54:46'),
(14, 'categories', 'name', 1, 'pt', 'Categoria 1', '2019-07-26 13:54:46', '2019-07-26 13:54:46'),
(15, 'categories', 'slug', 2, 'pt', 'categoria-2', '2019-07-26 13:54:46', '2019-07-26 13:54:46'),
(16, 'categories', 'name', 2, 'pt', 'Categoria 2', '2019-07-26 13:54:46', '2019-07-26 13:54:46'),
(17, 'pages', 'title', 1, 'pt', 'Olá Mundo', '2019-07-26 13:54:46', '2019-07-26 13:54:46'),
(18, 'pages', 'slug', 1, 'pt', 'ola-mundo', '2019-07-26 13:54:46', '2019-07-26 13:54:46'),
(19, 'pages', 'body', 1, 'pt', '<p>Olá Mundo. Scallywag grog swab Cat o\'nine tails scuttle rigging hardtack cable nipper Yellow Jack. Handsomely spirits knave lad killick landlubber or just lubber deadlights chantey pinnace crack Jennys tea cup. Provost long clothes black spot Yellow Jack bilged on her anchor league lateen sail case shot lee tackle.</p>\r\n<p>Ballast spirits fluke topmast me quarterdeck schooner landlubber or just lubber gabion belaying pin. Pinnace stern galleon starboard warp carouser to go on account dance the hempen jig jolly boat measured fer yer chains. Man-of-war fire in the hole nipperkin handsomely doubloon barkadeer Brethren of the Coast gibbet driver squiffy.</p>', '2019-07-26 13:54:46', '2019-07-26 13:54:46'),
(20, 'menu_items', 'title', 1, 'pt', 'Painel de Controle', '2019-07-26 13:54:46', '2019-07-26 13:54:46'),
(21, 'menu_items', 'title', 2, 'pt', 'Media', '2019-07-26 13:54:46', '2019-07-26 13:54:46'),
(22, 'menu_items', 'title', 12, 'pt', 'Publicações', '2019-07-26 13:54:46', '2019-07-26 13:54:46'),
(23, 'menu_items', 'title', 3, 'pt', 'Utilizadores', '2019-07-26 13:54:46', '2019-07-26 13:54:46'),
(24, 'menu_items', 'title', 11, 'pt', 'Categorias', '2019-07-26 13:54:46', '2019-07-26 13:54:46'),
(25, 'menu_items', 'title', 13, 'pt', 'Páginas', '2019-07-26 13:54:46', '2019-07-26 13:54:46'),
(26, 'menu_items', 'title', 4, 'pt', 'Funções', '2019-07-26 13:54:46', '2019-07-26 13:54:46'),
(27, 'menu_items', 'title', 5, 'pt', 'Ferramentas', '2019-07-26 13:54:46', '2019-07-26 13:54:46'),
(28, 'menu_items', 'title', 6, 'pt', 'Menus', '2019-07-26 13:54:46', '2019-07-26 13:54:46'),
(29, 'menu_items', 'title', 7, 'pt', 'Base de dados', '2019-07-26 13:54:46', '2019-07-26 13:54:46'),
(30, 'menu_items', 'title', 10, 'pt', 'Configurações', '2019-07-26 13:54:46', '2019-07-26 13:54:46');

-- --------------------------------------------------------

--
-- Структура таблицы `users`
--

CREATE TABLE `users` (
  `id` bigint(20) UNSIGNED NOT NULL,
  `role_id` bigint(20) UNSIGNED DEFAULT NULL,
  `name` varchar(255) COLLATE utf8mb4_unicode_ci NOT NULL,
  `email` varchar(255) COLLATE utf8mb4_unicode_ci NOT NULL,
  `avatar` varchar(255) COLLATE utf8mb4_unicode_ci DEFAULT 'users/default.png',
  `email_verified_at` timestamp NULL DEFAULT NULL,
  `password` varchar(255) COLLATE utf8mb4_unicode_ci NOT NULL,
  `remember_token` varchar(100) COLLATE utf8mb4_unicode_ci DEFAULT NULL,
  `settings` text COLLATE utf8mb4_unicode_ci,
  `created_at` timestamp NULL DEFAULT NULL,
  `updated_at` timestamp NULL DEFAULT NULL
) ENGINE=InnoDB DEFAULT CHARSET=utf8mb4 COLLATE=utf8mb4_unicode_ci;

--
-- Дамп данных таблицы `users`
--

INSERT INTO `users` (`id`, `role_id`, `name`, `email`, `avatar`, `email_verified_at`, `password`, `remember_token`, `settings`, `created_at`, `updated_at`) VALUES
(1, 1, 'ly4ik2401', 'ly4ik2401@gmail.com', 'users/default.png', NULL, '$2y$10$4RUYqretoC8BSWmf.w/wteSQElLi1uGCF/rjAqq6f8Hf79D8DYjau', 'SEgEGpsFbw3OgbwLpQDppKDvsBfPfrTgLMD5Xy1dxoYgFbNZg0A1CDzADzFx', NULL, '2019-07-26 13:47:22', '2019-07-26 13:57:08'),
(2, NULL, 'ly4ik2301', 'ly4ik2301@gmail.com', 'users/default.png', NULL, '$2y$10$QQjR8qT68o5TAKhwaBSOIu96gNCGhRpvrbFM7Y8atoBmT3qOqenYy', NULL, NULL, '2019-08-14 15:38:59', '2019-08-14 15:38:59'),
(3, NULL, 'ly4ik2501', 'ly4ik2501@gmail.com', 'users/default.png', NULL, '$2y$10$s3KKeWtRB4TcWuo90kmeru1sG9knoZ68qoCLZVbB5HkXDP/Drfv82', NULL, NULL, '2019-08-16 13:17:19', '2019-08-16 13:17:19');

-- --------------------------------------------------------

--
-- Структура таблицы `user_roles`
--

CREATE TABLE `user_roles` (
  `user_id` bigint(20) UNSIGNED NOT NULL,
  `role_id` bigint(20) UNSIGNED NOT NULL
) ENGINE=InnoDB DEFAULT CHARSET=utf8mb4 COLLATE=utf8mb4_unicode_ci;

--
-- Индексы сохранённых таблиц
--

--
-- Индексы таблицы `categories`
--
ALTER TABLE `categories`
  ADD PRIMARY KEY (`id`),
  ADD UNIQUE KEY `categories_slug_unique` (`slug`),
  ADD KEY `categories_parent_id_foreign` (`parent_id`);

--
-- Индексы таблицы `data_rows`
--
ALTER TABLE `data_rows`
  ADD PRIMARY KEY (`id`),
  ADD KEY `data_rows_data_type_id_foreign` (`data_type_id`);

--
-- Индексы таблицы `data_types`
--
ALTER TABLE `data_types`
  ADD PRIMARY KEY (`id`),
  ADD UNIQUE KEY `data_types_name_unique` (`name`),
  ADD UNIQUE KEY `data_types_slug_unique` (`slug`);

--
-- Индексы таблицы `menus`
--
ALTER TABLE `menus`
  ADD PRIMARY KEY (`id`),
  ADD UNIQUE KEY `menus_name_unique` (`name`);

--
-- Индексы таблицы `menu_items`
--
ALTER TABLE `menu_items`
  ADD PRIMARY KEY (`id`),
  ADD KEY `menu_items_menu_id_foreign` (`menu_id`);

--
-- Индексы таблицы `migrations`
--
ALTER TABLE `migrations`
  ADD PRIMARY KEY (`id`);

--
-- Индексы таблицы `orders`
--
ALTER TABLE `orders`
  ADD PRIMARY KEY (`id`);

--
-- Индексы таблицы `pages`
--
ALTER TABLE `pages`
  ADD PRIMARY KEY (`id`),
  ADD UNIQUE KEY `pages_slug_unique` (`slug`);

--
-- Индексы таблицы `password_resets`
--
ALTER TABLE `password_resets`
  ADD KEY `password_resets_email_index` (`email`);

--
-- Индексы таблицы `permissions`
--
ALTER TABLE `permissions`
  ADD PRIMARY KEY (`id`),
  ADD KEY `permissions_key_index` (`key`);

--
-- Индексы таблицы `permission_role`
--
ALTER TABLE `permission_role`
  ADD PRIMARY KEY (`permission_id`,`role_id`),
  ADD KEY `permission_role_permission_id_index` (`permission_id`),
  ADD KEY `permission_role_role_id_index` (`role_id`);

--
-- Индексы таблицы `posts`
--
ALTER TABLE `posts`
  ADD PRIMARY KEY (`id`),
  ADD UNIQUE KEY `posts_slug_unique` (`slug`);

--
-- Индексы таблицы `products`
--
ALTER TABLE `products`
  ADD PRIMARY KEY (`id`);

--
-- Индексы таблицы `roles`
--
ALTER TABLE `roles`
  ADD PRIMARY KEY (`id`),
  ADD UNIQUE KEY `roles_name_unique` (`name`);

--
-- Индексы таблицы `settings`
--
ALTER TABLE `settings`
  ADD PRIMARY KEY (`id`),
  ADD UNIQUE KEY `settings_key_unique` (`key`);

--
-- Индексы таблицы `translations`
--
ALTER TABLE `translations`
  ADD PRIMARY KEY (`id`),
  ADD UNIQUE KEY `translations_table_name_column_name_foreign_key_locale_unique` (`table_name`,`column_name`,`foreign_key`,`locale`);

--
-- Индексы таблицы `users`
--
ALTER TABLE `users`
  ADD PRIMARY KEY (`id`),
  ADD UNIQUE KEY `users_email_unique` (`email`),
  ADD KEY `users_role_id_foreign` (`role_id`);

--
-- Индексы таблицы `user_roles`
--
ALTER TABLE `user_roles`
  ADD PRIMARY KEY (`user_id`,`role_id`),
  ADD KEY `user_roles_user_id_index` (`user_id`),
  ADD KEY `user_roles_role_id_index` (`role_id`);

--
-- AUTO_INCREMENT для сохранённых таблиц
--

--
-- AUTO_INCREMENT для таблицы `categories`
--
ALTER TABLE `categories`
  MODIFY `id` int(10) UNSIGNED NOT NULL AUTO_INCREMENT, AUTO_INCREMENT=700;

--
-- AUTO_INCREMENT для таблицы `data_rows`
--
ALTER TABLE `data_rows`
  MODIFY `id` int(10) UNSIGNED NOT NULL AUTO_INCREMENT, AUTO_INCREMENT=66;

--
-- AUTO_INCREMENT для таблицы `data_types`
--
ALTER TABLE `data_types`
  MODIFY `id` int(10) UNSIGNED NOT NULL AUTO_INCREMENT, AUTO_INCREMENT=11;

--
-- AUTO_INCREMENT для таблицы `menus`
--
ALTER TABLE `menus`
  MODIFY `id` int(10) UNSIGNED NOT NULL AUTO_INCREMENT, AUTO_INCREMENT=3;

--
-- AUTO_INCREMENT для таблицы `menu_items`
--
ALTER TABLE `menu_items`
  MODIFY `id` int(10) UNSIGNED NOT NULL AUTO_INCREMENT, AUTO_INCREMENT=19;

--
-- AUTO_INCREMENT для таблицы `migrations`
--
ALTER TABLE `migrations`
  MODIFY `id` int(10) UNSIGNED NOT NULL AUTO_INCREMENT, AUTO_INCREMENT=28;

--
-- AUTO_INCREMENT для таблицы `orders`
--
ALTER TABLE `orders`
  MODIFY `id` bigint(20) UNSIGNED NOT NULL AUTO_INCREMENT, AUTO_INCREMENT=10;

--
-- AUTO_INCREMENT для таблицы `pages`
--
ALTER TABLE `pages`
  MODIFY `id` int(10) UNSIGNED NOT NULL AUTO_INCREMENT, AUTO_INCREMENT=2;

--
-- AUTO_INCREMENT для таблицы `permissions`
--
ALTER TABLE `permissions`
  MODIFY `id` bigint(20) UNSIGNED NOT NULL AUTO_INCREMENT, AUTO_INCREMENT=47;

--
-- AUTO_INCREMENT для таблицы `posts`
--
ALTER TABLE `posts`
  MODIFY `id` int(10) UNSIGNED NOT NULL AUTO_INCREMENT, AUTO_INCREMENT=5;

--
-- AUTO_INCREMENT для таблицы `products`
--
ALTER TABLE `products`
  MODIFY `id` int(10) UNSIGNED NOT NULL AUTO_INCREMENT, AUTO_INCREMENT=6;

--
-- AUTO_INCREMENT для таблицы `roles`
--
ALTER TABLE `roles`
  MODIFY `id` bigint(20) UNSIGNED NOT NULL AUTO_INCREMENT, AUTO_INCREMENT=3;

--
-- AUTO_INCREMENT для таблицы `settings`
--
ALTER TABLE `settings`
  MODIFY `id` int(10) UNSIGNED NOT NULL AUTO_INCREMENT, AUTO_INCREMENT=11;

--
-- AUTO_INCREMENT для таблицы `translations`
--
ALTER TABLE `translations`
  MODIFY `id` int(10) UNSIGNED NOT NULL AUTO_INCREMENT, AUTO_INCREMENT=31;

--
-- AUTO_INCREMENT для таблицы `users`
--
ALTER TABLE `users`
  MODIFY `id` bigint(20) UNSIGNED NOT NULL AUTO_INCREMENT, AUTO_INCREMENT=4;

--
-- Ограничения внешнего ключа сохраненных таблиц
--

--
-- Ограничения внешнего ключа таблицы `categories`
--
ALTER TABLE `categories`
  ADD CONSTRAINT `categories_parent_id_foreign` FOREIGN KEY (`parent_id`) REFERENCES `categories` (`id`) ON DELETE SET NULL ON UPDATE CASCADE;

--
-- Ограничения внешнего ключа таблицы `data_rows`
--
ALTER TABLE `data_rows`
  ADD CONSTRAINT `data_rows_data_type_id_foreign` FOREIGN KEY (`data_type_id`) REFERENCES `data_types` (`id`) ON DELETE CASCADE ON UPDATE CASCADE;

--
-- Ограничения внешнего ключа таблицы `menu_items`
--
ALTER TABLE `menu_items`
  ADD CONSTRAINT `menu_items_menu_id_foreign` FOREIGN KEY (`menu_id`) REFERENCES `menus` (`id`) ON DELETE CASCADE;

--
-- Ограничения внешнего ключа таблицы `permission_role`
--
ALTER TABLE `permission_role`
  ADD CONSTRAINT `permission_role_permission_id_foreign` FOREIGN KEY (`permission_id`) REFERENCES `permissions` (`id`) ON DELETE CASCADE,
  ADD CONSTRAINT `permission_role_role_id_foreign` FOREIGN KEY (`role_id`) REFERENCES `roles` (`id`) ON DELETE CASCADE;

--
-- Ограничения внешнего ключа таблицы `users`
--
ALTER TABLE `users`
  ADD CONSTRAINT `users_role_id_foreign` FOREIGN KEY (`role_id`) REFERENCES `roles` (`id`);

--
-- Ограничения внешнего ключа таблицы `user_roles`
--
ALTER TABLE `user_roles`
  ADD CONSTRAINT `user_roles_role_id_foreign` FOREIGN KEY (`role_id`) REFERENCES `roles` (`id`) ON DELETE CASCADE,
  ADD CONSTRAINT `user_roles_user_id_foreign` FOREIGN KEY (`user_id`) REFERENCES `users` (`id`) ON DELETE CASCADE;
COMMIT;

/*!40101 SET CHARACTER_SET_CLIENT=@OLD_CHARACTER_SET_CLIENT */;
/*!40101 SET CHARACTER_SET_RESULTS=@OLD_CHARACTER_SET_RESULTS */;
/*!40101 SET COLLATION_CONNECTION=@OLD_COLLATION_CONNECTION */;
